<?xml version="1.0" encoding="utf-8"?>
<install type="acesef" version="1.5.0">
	<name>Mailto</name>
	<author>JoomAce LLC</author>
	<creationDate>August 2009</creationDate>
	<copyright>(C) 2009 JoomAce LLC</copyright>
	<license>GNU General Public License</license>
	<authorEmail>info@joomace.net</authorEmail>
	<authorUrl>www.joomace.net</authorUrl>
	<version>1.0.0</version>
	<description>Mailto extension for AceSEF.</description>
	<extension>com_mailto</extension>
	<files>
		<filename module="com_mailto">com_mailto.php</filename>
		<filename module="com_mailto">com_mailto.xml</filename>
	</files>
	<params group="sef">
		<param name="limitnum" type="text" default="5" label="Items per page" description="Ignore this field if you're not having problems with pagination because it's required only if the component doesn't use the $limit value in Real URLs." />
		<param name="override" type="radio" default="1" label="Override ItemID" description="You can override the menu item ID for all menu items of this component.">
		  <option value="1">No</option>
		  <option value="2">Yes</option>
		</param>
		<param name="overrideId" type="text" default="1" label="Menu ItemID" description="Menu item ID to use always for this component." />
	</params>
</install>