<?xml version="1.0" encoding="utf-8"?>
<install version="1.5" client="both" type="language" method="upgrade">
    <name><![CDATA[Portugu&ecirc;s (Brasil)]]></name>
    <tag>pt-BR</tag>
    <version>2.4.1</version>
    <date>22-09-2010</date>
    <author><![CDATA[TOTALLNet - Centro de Conveniencia Digital]]></author>
    <authorurl>http://www.totallnet.com.br</authorurl>
    <description><![CDATA[
<span>
Produzido por:        TOTALLNet <br />
Site:                         <a href="http://www.totallnet.com.br" target="_blank">www.totallnet.com.br</a><br />
E-mail:                 contato@totallnet.com.br        |        msn: totallnet@hotmail.com<br />
Descrição:                 Tradução do componente K2 para pt-BR versão 2.4.1<br />
<a href="http://www.totallnet.com.br" target="_blank">TOTALLNet - Centro de Conveniencia Digital</a> é o unico detentor dos direitos desta tradução.<br />
Ela está licenciada sob a <a href="http://www.gnu.org/licenses/gpl-2.0.html" target="_blank"> licença GNU/GPL (v.2.0)</a>. Se encontrar algum erro na tradução ou desejar dar sugestões para melhorias, entre em contato com o <a href="http://www.totallnet.com.br">TOTALLNet</a>.<br /><br />
<center><h3>TOTALLNet - Centro de Conveniencia Digital</h3><center>
</span>
]]></description>

        <administration>
                <files folder="admin">
                        <filename>pt-BR.mod_k2_quickicons.ini</filename>
                        <filename>pt-BR.com_k2.ini</filename>
                        <filename>pt-BR.plg_search_k2.ini</filename>
                        <filename>pt-BR.plg_system_k2.ini</filename>
                        <filename>pt-BR.plg_user_k2.ini</filename>
                </files>
        </administration>
        <site>
                <files folder="site">
                        <filename>pt-BR.com_k2.ini</filename>
                        <filename>pt-BR.mod_k2_comments.ini</filename>
                        <filename>pt-BR.mod_k2_content.ini</filename>
                        <filename>pt-BR.mod_k2_login.ini</filename>
                        <filename>pt-BR.mod_k2_tools.ini</filename>
                        <filename>pt-BR.mod_k2_users.ini</filename>
                </files>
        </site>
        <params />
</install>
