<?xml version="1.0" encoding="utf-8"?>
<extension version="2.5" client="administrator" type="language" method="upgrade">
    <name>Português(Brasil)</name>
    <tag>pt-BR</tag>
    <version>2.5.6.2</version>
    <creationDate>2012-08-25</creationDate>
    <author>Joomla Brasil</author>
    <authorEmail>traducao@joomla.com.br</authorEmail>
	<authorUrl>www.joomla.com.br</authorUrl>
    <copyright>Copyright 2005 - 2012 Open Source Matters. Todos os Direitos Reservados. Copyright Translation 2005 - 2012 Joomla Brasil. Todos os Direitos Reservados.</copyright>
    <license>GNU General Public License version 2 or later; see LICENSE.txt</license>
	<description><![CDATA[
				Arquivos de Idioma em Português Brasileiro para o CMS Joomla! 2.5<br/>
				Copyright 2005 - 2012 Open Source Matters. Todos os Direitos Reservados. Copyright Translation 2005 - 2012 Joomla Brasil. Todos os Direitos Reservados.<br/>
				De acordo com termo de licenciamento de <a href="http://www.opensourcematters.org" target="_blank">OpenSourceMatters</a> e <a href="http://www.joomla.org" target="_blank">Joomla!</a> todos os arquivos de idioma devem ser licenciados sob a <a href="http://www.gnu.org/licenses/gpl-2.0.html" target="_blank"> licença GNU/GPL (v.2.0)</a>. Esta tradução está licenciada sob esta licença. Se você encontrar algum erro de digitação, traduções incorretas ou se deseja sugerir melhorias, entre em contato com o <a href="mailto:traducao@joomla.com.br">coordenador</a> da tradução ou junte-se a nós no <a href="https://github.com/joomlabrasil" target="_blank">github Joomla! Brasil</a> e contribua diretamente com o projeto.<br/><br/>
				]]>
	</description>
	
	<files>
		<filename>index.html</filename>
		<filename>pt-BR.com_admin.ini</filename>
		<filename>pt-BR.com_admin.sys.ini</filename>
		<filename>pt-BR.com_banners.ini</filename>
		<filename>pt-BR.com_banners.sys.ini</filename>
		<filename>pt-BR.com_cache.ini</filename>
		<filename>pt-BR.com_cache.sys.ini</filename>
		<filename>pt-BR.com_categories.ini</filename>
		<filename>pt-BR.com_categories.sys.ini</filename>
		<filename>pt-BR.com_checkin.ini</filename>
		<filename>pt-BR.com_checkin.sys.ini</filename>
		<filename>pt-BR.com_config.ini</filename>
		<filename>pt-BR.com_config.sys.ini</filename>
		<filename>pt-BR.com_contact.ini</filename>
		<filename>pt-BR.com_contact.sys.ini</filename>
		<filename>pt-BR.com_content.ini</filename>
		<filename>pt-BR.com_content.sys.ini</filename>
		<filename>pt-BR.com_cpanel.ini</filename>
		<filename>pt-BR.com_cpanel.sys.ini</filename>
		<filename>pt-BR.com_finder.ini</filename>
		<filename>pt-BR.com_finder.sys.ini</filename>
		<filename>pt-BR.com_installer.ini</filename>
		<filename>pt-BR.com_installer.sys.ini</filename>
		<filename>pt-BR.com_joomlaupdate.ini</filename>
		<filename>pt-BR.com_joomlaupdate.sys.ini</filename>
		<filename>pt-BR.com_languages.ini</filename>
		<filename>pt-BR.com_languages.sys.ini</filename>
		<filename>pt-BR.com_login.ini</filename>
		<filename>pt-BR.com_login.sys.ini</filename>
		<filename>pt-BR.com_mailto.sys.ini</filename>
		<filename>pt-BR.com_media.ini</filename>
		<filename>pt-BR.com_media.sys.ini</filename>
		<filename>pt-BR.com_menus.ini</filename>
		<filename>pt-BR.com_menus.sys.ini</filename>
		<filename>pt-BR.com_messages.ini</filename>
		<filename>pt-BR.com_messages.sys.ini</filename>
		<filename>pt-BR.com_modules.ini</filename>
		<filename>pt-BR.com_modules.sys.ini</filename>
		<filename>pt-BR.com_newsfeeds.ini</filename>
		<filename>pt-BR.com_newsfeeds.sys.ini</filename>
		<filename>pt-BR.com_plugins.ini</filename>
		<filename>pt-BR.com_plugins.sys.ini</filename>
		<filename>pt-BR.com_redirect.ini</filename>
		<filename>pt-BR.com_redirect.sys.ini</filename>
		<filename>pt-BR.com_search.ini</filename>
		<filename>pt-BR.com_search.sys.ini</filename>
		<filename>pt-BR.com_templates.ini</filename>
		<filename>pt-BR.com_templates.sys.ini</filename>
		<filename>pt-BR.com_users.ini</filename>
		<filename>pt-BR.com_users.sys.ini</filename>
		<filename>pt-BR.com_weblinks.ini</filename>
		<filename>pt-BR.com_weblinks.sys.ini</filename>
		<filename>pt-BR.com_wrapper.ini</filename>
		<filename>pt-BR.com_wrapper.sys.ini</filename>
		<filename>pt-BR.ini</filename>
		<filename>pt-BR.lib_joomla.ini</filename>
		<filename>pt-BR.mod_custom.ini</filename>
		<filename>pt-BR.mod_custom.sys.ini</filename>
		<filename>pt-BR.mod_feed.ini</filename>
		<filename>pt-BR.mod_feed.sys.ini</filename>
		<filename>pt-BR.mod_latest.ini</filename>
		<filename>pt-BR.mod_latest.sys.ini</filename>
		<filename>pt-BR.mod_logged.ini</filename>
		<filename>pt-BR.mod_logged.sys.ini</filename>
		<filename>pt-BR.mod_login.ini</filename>
		<filename>pt-BR.mod_login.sys.ini</filename>
		<filename>pt-BR.mod_menu.ini</filename>
		<filename>pt-BR.mod_menu.sys.ini</filename>
		<filename>pt-BR.mod_multilangstatus.ini</filename>
		<filename>pt-BR.mod_multilangstatus.sys.ini</filename>
		<filename>pt-BR.mod_popular.ini</filename>
		<filename>pt-BR.mod_popular.sys.ini</filename>
		<filename>pt-BR.mod_quickicon.ini</filename>
		<filename>pt-BR.mod_quickicon.sys.ini</filename>
		<filename>pt-BR.mod_status.ini</filename>
		<filename>pt-BR.mod_status.sys.ini</filename>
		<filename>pt-BR.mod_submenu.ini</filename>
		<filename>pt-BR.mod_submenu.sys.ini</filename>
		<filename>pt-BR.mod_title.ini</filename>
		<filename>pt-BR.mod_title.sys.ini</filename>
		<filename>pt-BR.mod_toolbar.ini</filename>
		<filename>pt-BR.mod_toolbar.sys.ini</filename>
		<filename>pt-BR.mod_version.ini</filename>
		<filename>pt-BR.mod_version.sys.ini</filename>	
		<filename>pt-BR.plg_authentication_gmail.ini</filename>
		<filename>pt-BR.plg_authentication_gmail.sys.ini</filename>
		<filename>pt-BR.plg_authentication_joomla.ini</filename>
		<filename>pt-BR.plg_authentication_joomla.sys.ini</filename>
		<filename>pt-BR.plg_authentication_ldap.ini</filename>
		<filename>pt-BR.plg_authentication_ldap.sys.ini</filename>
		<filename>pt-BR.plg_captcha_recaptcha.ini</filename>
		<filename>pt-BR.plg_captcha_recaptcha.sys.ini</filename>
		<filename>pt-BR.plg_content_emailcloak.ini</filename>
		<filename>pt-BR.plg_content_emailcloak.sys.ini</filename>
		<filename>pt-BR.plg_content_finder.ini</filename>
		<filename>pt-BR.plg_content_finder.sys.ini</filename>
		<filename>pt-BR.plg_content_geshi.ini</filename>
		<filename>pt-BR.plg_content_geshi.sys.ini</filename>
		<filename>pt-BR.plg_content_joomla.ini</filename>
		<filename>pt-BR.plg_content_joomla.sys.ini</filename>
		<filename>pt-BR.plg_content_loadmodule.ini</filename>
		<filename>pt-BR.plg_content_loadmodule.sys.ini</filename>
		<filename>pt-BR.plg_content_pagebreak.ini</filename>
		<filename>pt-BR.plg_content_pagebreak.sys.ini</filename>
		<filename>pt-BR.plg_content_pagenavigation.ini</filename>
		<filename>pt-BR.plg_content_pagenavigation.sys.ini</filename>
		<filename>pt-BR.plg_content_vote.ini</filename>
		<filename>pt-BR.plg_content_vote.sys.ini</filename>
		<filename>pt-BR.plg_editors_codemirror.ini</filename>
		<filename>pt-BR.plg_editors_codemirror.sys.ini</filename>
		<filename>pt-BR.plg_editors_none.ini</filename>
		<filename>pt-BR.plg_editors_none.sys.ini</filename>
		<filename>pt-BR.plg_editors_tinymce.ini</filename>
		<filename>pt-BR.plg_editors_tinymce.sys.ini</filename>
		<filename>pt-BR.plg_editors-xtd_article.ini</filename>
		<filename>pt-BR.plg_editors-xtd_article.sys.ini</filename>
		<filename>pt-BR.plg_editors-xtd_image.ini</filename>
		<filename>pt-BR.plg_editors-xtd_image.sys.ini</filename>
		<filename>pt-BR.plg_editors-xtd_pagebreak.ini</filename>
		<filename>pt-BR.plg_editors-xtd_pagebreak.sys.ini</filename>
		<filename>pt-BR.plg_editors-xtd_readmore.ini</filename>
		<filename>pt-BR.plg_editors-xtd_readmore.sys.ini</filename>
		<filename>pt-BR.plg_extension_joomla.ini</filename>
		<filename>pt-BR.plg_extension_joomla.sys.ini</filename>
		<filename>pt-BR.plg_finder_categories.ini</filename>
		<filename>pt-BR.plg_finder_categories.sys.ini</filename>
		<filename>pt-BR.plg_finder_contacts.ini</filename>
		<filename>pt-BR.plg_finder_contacts.sys.ini</filename>
		<filename>pt-BR.plg_finder_content.ini</filename>
		<filename>pt-BR.plg_finder_content.sys.ini</filename>
		<filename>pt-BR.plg_finder_newsfeeds.ini</filename>
		<filename>pt-BR.plg_finder_newsfeeds.sys.ini</filename>
		<filename>pt-BR.plg_finder_weblinks.ini</filename>
		<filename>pt-BR.plg_finder_weblinks.sys.ini</filename>
		<filename>pt-BR.plg_quickicon_extensionupdate.ini</filename>
		<filename>pt-BR.plg_quickicon_extensionupdate.sys.ini</filename>
		<filename>pt-BR.plg_quickicon_joomlaupdate.ini</filename>
		<filename>pt-BR.plg_quickicon_joomlaupdate.sys.ini</filename>
		<filename>pt-BR.plg_search_categories.ini</filename>
		<filename>pt-BR.plg_search_categories.sys.ini</filename>
		<filename>pt-BR.plg_search_contacts.ini</filename>
		<filename>pt-BR.plg_search_contacts.sys.ini</filename>
		<filename>pt-BR.plg_search_content.ini</filename>
		<filename>pt-BR.plg_search_content.sys.ini</filename>
		<filename>pt-BR.plg_search_newsfeeds.ini</filename>
		<filename>pt-BR.plg_search_newsfeeds.sys.ini</filename>
		<filename>pt-BR.plg_search_weblinks.ini</filename>
		<filename>pt-BR.plg_search_weblinks.sys.ini</filename>
		<filename>pt-BR.plg_system_cache.ini</filename>
		<filename>pt-BR.plg_system_cache.sys.ini</filename>
		<filename>pt-BR.plg_system_debug.ini</filename>
		<filename>pt-BR.plg_system_debug.sys.ini</filename>
		<filename>pt-BR.plg_system_highlight.ini</filename>
		<filename>pt-BR.plg_system_highlight.sys.ini</filename>
		<filename>pt-BR.plg_system_languagecode.ini</filename>
		<filename>pt-BR.plg_system_languagecode.sys.ini</filename>
		<filename>pt-BR.plg_system_languagefilter.ini</filename>
		<filename>pt-BR.plg_system_languagefilter.sys.ini</filename>
		<filename>pt-BR.plg_system_log.ini</filename>
		<filename>pt-BR.plg_system_log.sys.ini</filename>
		<filename>pt-BR.plg_system_logout.ini</filename>
		<filename>pt-BR.plg_system_logout.sys.ini</filename>
		<filename>pt-BR.plg_system_p3p.ini</filename>
		<filename>pt-BR.plg_system_p3p.sys.ini</filename>
		<filename>pt-BR.plg_system_redirect.ini</filename>
		<filename>pt-BR.plg_system_redirect.sys.ini</filename>
		<filename>pt-BR.plg_system_remember.ini</filename>
		<filename>pt-BR.plg_system_remember.sys.ini</filename>
		<filename>pt-BR.plg_system_sef.ini</filename>
		<filename>pt-BR.plg_system_sef.sys.ini</filename>
		<filename>pt-BR.plg_user_contactcreator.ini</filename>
		<filename>pt-BR.plg_user_contactcreator.sys.ini</filename>
		<filename>pt-BR.plg_user_joomla.ini</filename>
		<filename>pt-BR.plg_user_joomla.sys.ini</filename>
		<filename>pt-BR.plg_user_profile.ini</filename>
		<filename>pt-BR.plg_user_profile.sys.ini</filename>
		<filename>pt-BR.tpl_bluestork.ini</filename>
		<filename>pt-BR.tpl_bluestork.sys.ini</filename>
		<filename>pt-BR.tpl_hathor.ini</filename>
		<filename>pt-BR.tpl_hathor.sys.ini</filename>
		
		<filename file="meta">pt-BR.xml</filename>
		<filename file="meta">install.xml</filename>
        <filename>pt-BR.localise.php</filename>
		
	</files>

</extension>
