<?xml version="1.0" encoding="utf-8"?>
<!DOCTYPE install SYSTEM "http://dev.joomla.org/xml/1.5/component-install.dtd">
<install type="component" version="1.5.0" method="upgrade">
	<name>obupdater</name>
	<creationDate>Jul 2010</creationDate>
	<author>Joomla! Updater Team.</author>
	<authorEmail>foobla@obupdater.com</authorEmail>
	<authorUrl>http://obupdater.com</authorUrl>
	<copyright>Copyright (C) 2009-2010 Joomla! Updater Team.</copyright>
	<license>GNU/GPL.</license>
	<version>1.5.8</version>
	<description><![CDATA[
Joomla Updater Client
	]]></description>
	<installfile>install.obupdater.php</installfile>
	<uninstallfile>uninstall.obupdater.php</uninstallfile>
	<administration>
		<menu link="option=com_obupdater" img="../administrator/components/com_obupdater/assets/images/icons/obupdater_16.png">Joomla! Updater</menu>
		<files folder="admin">
			<filename>/admin.obupdater.php</filename>
			<filename>/aio/plugins/system/objuc.php</filename>
			<filename>/aio/plugins/system/objuc.xml</filename>
			<filename>/assets/images/disabled.png</filename>
			<filename>/assets/images/fail.png</filename>
			<filename>/assets/images/icons/cancel_f2.png</filename>
			<filename>/assets/images/icons/categories_16.png</filename>
			<filename>/assets/images/icons/categories_48.png</filename>
			<filename>/assets/images/icons/cdwait.png</filename>
			<filename>/assets/images/icons/compat_10.png</filename>
			<filename>/assets/images/icons/compat_15_legacy.png</filename>
			<filename>/assets/images/icons/compat_15_native.png</filename>
			<filename>/assets/images/icons/configuration_48.png</filename>
			<filename>/assets/images/icons/core_16.png</filename>
			<filename>/assets/images/icons/core_48.png</filename>
			<filename>/assets/images/icons/cpanel_16.png</filename>
			<filename>/assets/images/icons/cpanel_32.png</filename>
			<filename>/assets/images/icons/cpanel_48.png</filename>
			<filename>/assets/images/icons/documents_48.png</filename>
			<filename>/assets/images/icons/down_22.png</filename>
			<filename>/assets/images/icons/download_f2.png</filename>
			<filename>/assets/images/icons/ext_com.png</filename>
			<filename>/assets/images/icons/ext_commercial.png</filename>
			<filename>/assets/images/icons/ext_lang.png</filename>
			<filename>/assets/images/icons/ext_mod.png</filename>
			<filename>/assets/images/icons/ext_patch.png</filename>
			<filename>/assets/images/icons/ext_plugin.png</filename>
			<filename>/assets/images/icons/ext_special.png</filename>
			<filename>/assets/images/icons/ext_tool.png</filename>
			<filename>/assets/images/icons/extensions_48.png</filename>
			<filename>/assets/images/icons/foobla_32.png</filename>
			<filename>/assets/images/icons/foobla_48.png</filename>
			<filename>/assets/images/icons/help_48.png</filename>
			<filename>/assets/images/icons/icon-16-config.png</filename>
			<filename>/assets/images/icons/icon-32-config.png</filename>
			<filename>/assets/images/icons/icon-32-delete.png</filename>
			<filename>/assets/images/icons/icon-32-edit.png</filename>
			<filename>/assets/images/icons/icon-32-new.png</filename>
			<filename>/assets/images/icons/icon-48-article.png</filename>
			<filename>/assets/images/icons/icon-48-config.png</filename>
			<filename>/assets/images/icons/index.html</filename>
			<filename>/assets/images/icons/install_16.png</filename>
			<filename>/assets/images/icons/install_48.png</filename>
			<filename>/assets/images/icons/item_add_16.png</filename>
			<filename>/assets/images/icons/item_add_48.png</filename>
			<filename>/assets/images/icons/items_16.png</filename>
			<filename>/assets/images/icons/items_48.png</filename>
			<filename>/assets/images/icons/j_border-lr.png</filename>
			<filename>/assets/images/icons/j_border.png</filename>
			<filename>/assets/images/icons/joomla_32.png</filename>
			<filename>/assets/images/icons/joomla_48.png</filename>
			<filename>/assets/images/icons/langs_16.png</filename>
			<filename>/assets/images/icons/langs_48.png</filename>
			<filename>/assets/images/icons/li-right.png</filename>
			<filename>/assets/images/icons/m_templates.gif</filename>
			<filename>/assets/images/icons/mloading.gif</filename>
			<filename>/assets/images/icons/obupdater_16.png</filename>
			<filename>/assets/images/icons/obupdater_32.png</filename>
			<filename>/assets/images/icons/obupdater_48.png</filename>
			<filename>/assets/images/icons/reload_f2.png</filename>
			<filename>/assets/images/icons/template.png</filename>
			<filename>/assets/images/icons/tools_16.png</filename>
			<filename>/assets/images/icons/tools_48.png</filename>
			<filename>/assets/images/icons/type_com.png</filename>
			<filename>/assets/images/icons/type_esp.png</filename>
			<filename>/assets/images/icons/type_lang.png</filename>
			<filename>/assets/images/icons/type_mod.png</filename>
			<filename>/assets/images/icons/type_patch.png</filename>
			<filename>/assets/images/icons/type_plugin.png</filename>
			<filename>/assets/images/icons/type_tool.png</filename>
			<filename>/assets/images/icons/undo_22.png</filename>
			<filename>/assets/images/icons/upgrade_16.png</filename>
			<filename>/assets/images/icons/upgrade_24.png</filename>
			<filename>/assets/images/icons/upgrade_32.png</filename>
			<filename>/assets/images/icons/upgrade_36.png</filename>
			<filename>/assets/images/icons/upgrade_48.png</filename>
			<filename>/assets/images/icons/upgrade_64.png</filename>
			<filename>/assets/images/juvote/star_00.png</filename>
			<filename>/assets/images/juvote/star_05.png</filename>
			<filename>/assets/images/juvote/star_10.png</filename>
			<filename>/assets/images/loading.gif</filename>
			<filename>/assets/images/publish_x.png</filename>
			<filename>/assets/images/saccess.png</filename>
			<filename>/assets/index.html</filename>
			<filename>/assets/jlord_core.css</filename>
			<filename>/assets/js/common.js</filename>
			<filename>/assets/js/dashboard.js</filename>
			<filename>/assets/js/jucscript.js</filename>
			<filename>/assets/js/jusearch.js</filename>
			<filename>/assets/juc.css</filename>
			<filename>/assets/jucenvi.css</filename>
			<filename>/config.xml</filename>
			<filename>/controllers/about.php</filename>
			<filename>/controllers/browse.php</filename>
			<filename>/controllers/config.php</filename>
			<filename>/controllers/default.php</filename>
			<filename>/controllers/index.html</filename>
			<filename>/controllers/jupgrade.php</filename>
			<filename>/controllers/langs.php</filename>
			<filename>/controllers/packs.php</filename>
			<filename>/elements/index.html</filename>
			<filename>/elements/version.xml</filename>
			<filename>/en-GB.com_obupdater.ini</filename>
			<filename>/helpers/common.php</filename>
			<filename>/helpers/cron/extupdate.php</filename>
			<filename>/helpers/joomlaupgrade.php</filename>
			<filename>/helpers/jucenvironment.php</filename>
			<filename>/helpers/juinstaller.php</filename>
			<filename>/helpers/jupgrade.php</filename>
			<filename>/helpers/lastversion.php</filename>
			<filename>/helpers/media.php</filename>
			<filename>/helpers/plugins/system.php</filename>
			<filename>/helpers/ziplib/index.html</filename>
			<filename>/helpers/ziplib/pear.php</filename>
			<filename>/helpers/ziplib/zip.class.php</filename>
			<filename>/index.html</filename>
			<filename>/jupgrade.php</filename>
			<filename>/models/browse.php</filename>
			<filename>/models/config.php</filename>
			<filename>/models/cpanel.php</filename>
			<filename>/models/index.html</filename>
			<filename>/models/jupgrade.php</filename>
			<filename>/models/langs.php</filename>
			<filename>/models/version.php</filename>
			<filename>/views/browse/index.html</filename>
			<filename>/views/browse/tmpl/default.php</filename>
			<filename>/views/browse/tmpl/detail.php</filename>
			<filename>/views/browse/tmpl/index.html</filename>
			<filename>/views/browse/tmpl/update.php</filename>
			<filename>/views/browse/view.html.php</filename>
			<filename>/views/config/index.html</filename>
			<filename>/views/config/tmpl/default.php</filename>
			<filename>/views/config/tmpl/index.html</filename>
			<filename>/views/config/view.html.php</filename>
			<filename>/views/cpanel/index.html</filename>
			<filename>/views/cpanel/tmpl/default.php</filename>
			<filename>/views/cpanel/tmpl/default_active.php</filename>
			<filename>/views/cpanel/tmpl/default_cronjob.php</filename>
			<filename>/views/cpanel/tmpl/default_environment.php</filename>
			<filename>/views/cpanel/tmpl/default_installed.php</filename>
			<filename>/views/cpanel/tmpl/default_newblock.php</filename>
			<filename>/views/cpanel/tmpl/default_search.php</filename>
			<filename>/views/cpanel/tmpl/default_update.php</filename>
			<filename>/views/cpanel/tmpl/index.html</filename>
			<filename>/views/cpanel/view.html.php</filename>
			<filename>/views/index.html</filename>
			<filename>/views/jupgrade/index.html</filename>
			<filename>/views/jupgrade/tmpl/baklist.php</filename>
			<filename>/views/jupgrade/tmpl/default.php</filename>
			<filename>/views/jupgrade/tmpl/index.html</filename>
			<filename>/views/jupgrade/view.html.php</filename>
			<filename>/views/langs/index.html</filename>
			<filename>/views/langs/tmpl/default.php</filename>
			<filename>/views/langs/tmpl/index.html</filename>
			<filename>/views/langs/tmpl/jlord_newline.php</filename>
			<filename>/views/langs/tmpl/search_keyword.php</filename>
			<filename>/views/langs/tmpl/showlanguage.php</filename>
			<filename>/views/langs/view.html.php</filename>
		</files>
		<files>
			<filename>obupdater.xml</filename>
		</files>
		<languages>
			<language tag="en-GB">language/admin/en-GB.com_obupdater.ini</language>
		</languages>
	</administration>
</install>
