<?xml version="1.0" encoding="utf-8"?>
<install type="module" version="1.5.0" method="upgrade">
  <name>K2 Login</name>
  <author>JoomlaWorks</author>
  <creationDate>January 7th, 2010</creationDate>
  <copyright>Copyright (c) 2006 - 2010 JoomlaWorks Ltd. All rights reserved.</copyright>
  <authorEmail>contact@joomlaworks.gr</authorEmail>
  <authorUrl>www.joomlaworks.gr</authorUrl>
  <version>2.2</version>
  <license>http://www.gnu.org/licenses/gpl-2.0.html GNU/GPL</license>
  <description>K2 Login</description>
  <files>
    <filename module="mod_k2_login">mod_k2_login.php</filename>
    <filename>helper.php</filename>
    <filename>index.html</filename>
    <folder>tmpl</folder>
  </files>
  <params addpath="/administrator/components/com_k2/elements/">
    <param name="moduleclass_sfx" type="text" default="" label="Module Class Suffix" description="PARAMMODULECLASSSUFFIX" />
    
    <param name="@spacer" type="spacer" default="" label="" description="" />
    <param name="pretext" type="textarea" cols="30" rows="5" default="" label="Pre-text" description="PARAMPRETEXT" />
    <param name="posttext" type="textarea" cols="30" rows="5" label="Post-text" description="PARAMPOSTTEXT" />
    
    <param name="@spacer" type="spacer" default="" label="" description="" />
    <param name="greeting" type="radio" default="1" label="Greeting message" description="">
      <option value="0">Hide</option>
      <option value="1">Show</option>
    </param>
    <param name="name" type="list" default="1" label="Display username or name?" description="">
      <option value="0">Username</option>
      <option value="1">Name</option>
    </param>
    <param name="userAvatar" type="radio" default="1" label="User avatar" description="">
      <option value="0">Hide</option>
      <option value="1">Show</option>
    </param>
    
    <param name="@spacer" type="spacer" default="" label="" description="" />
    <param name="login" type="menuitem" default="" disable="separator" label="Login Redirection URL" description="PARAMLOGINREDIRECTURL" />
    <param name="logout" type="menuitem" default="" disable="separator" label="Logout Redirection URL" description="PARAMLOGOUTREDIRECTURL" />
    <param name="usesecure" type="radio" default="0" label="Encrypt Login Form" description="Submit encrypted login data (requires SSL)">
      <option value="0">No</option>
      <option value="1">Yes</option>
    </param>
  </params>
  <params group="advanced">
    <param name="cache" type="list" default="0" label="Caching" description="Select whether to cache the content of this module">
      <option value="1">Use global</option>
      <option value="0">No caching</option>
    </param>
    <param name="cache_time" type="text" default="900" label="Cache Time" description="The time before the module is recached" />
  </params>
</install>
