<?xml version="1.0" encoding="utf-8"?>
<!-- $Id: languages.xml 12620 2009-08-12 17:53:34Z erdsiger $ -->
<extension type="component" version="1.6">
	<name>Language Manager</name>
    <author>Joomla! Project</author>
	<creationDate>2006</creationDate>
    <copyright>(C) 2005 - 2009 Open Source Matters. All rights reserved.</copyright>
    <license>GNU General Public License version 2 or later; see LICENSE.txt</license>
    <authorEmail>admin@joomla.org</authorEmail>
    <authorUrl>www.joomla.org</authorUrl>
    <version>1.6.0</version>
	<description>Language Manager</description>
	<administrator />
</extension>

