<?xml version="1.0" ?>
<joomfish type="contentelement">
<name>jDownloads Layouts</name>
<author>Arno Betz</author>
<version>1.4 beta</version>
<description>Definition for the jDownloads component: layouts</description>
<reference>
<table name="jdownloads_templates">
<field type="referenceid" name="id" translate="0">ID</field>
<field type="titletext" name="template_name" translate="0">Name</field>
<field type="textarea" name="template_text" translate="1">Layout text</field>
<field type="checked_out" name="checked_out" translate="0">Check out</field>
<field type="checked_out_date" name="checked_out_time" translate="0">Check out date</field>
</table>
</reference>
</joomfish>
