<?xml version="1.0" encoding="utf-8" standalone="yes"?>
<?xml-stylesheet type="text/xsl" href="modx.prosilver.en.xsl"?>
<!--For security purposes, please check: http://www.phpbb.com/mods/ for the latest version of this MOD. Although MODs are checked before being allowed in the MODs Database there is no guarantee that there are no security problems within the MOD. No support will be given for MODs not found within the MODs Database which can be found at http://www.phpbb.com/mods/-->
<mod xmlns:xsi="http://www.w3.org/2001/XMLSchema-instance" xmlns="http://www.phpbb.com/mods/xml/modx-1.0.1.xsd">
<header>
  <license>http://opensource.org/licenses/gpl-license.php GNU General Public License v2</license>
  <title lang="en">Advanced Quick Reply</title>
  <description lang="en">Add quick reply box in the end of viewtopic with some options how:
Attach sing
Quote Selected
Notify reply
Enable/Disable quick reply box
Enable/Disable colorize nicks
Enable/Disable quote the last message

http://www.suportephpbb.org</description>
  <author-notes lang="en">You can check updates for this mod in www.suportephpbb.org.
This MOD has tested in phpBB 3.0.1</author-notes>
    <author-group>
      <author>
        <email>brunovier@suportephpbb.org</email>
        <homepage>http://www.suportephpbb.org</homepage>
        <username>Z3u5</username>
        <contributions />
      </author>
    </author-group>
  <mod-version>
    <major>1</major>
    <minor>0</minor>
    <revision>0</revision>
  </mod-version>
  <installation>
    <level>easy</level>
      <time>300</time>
    <target-version>
      <target-primary>3.0.1</target-primary>
      <target-major allow="exact">3</target-major>
      <target-minor allow="exact">0</target-minor>
    </target-version>
    <history>
      <entry>
        <date>2008-04-22</date>
        <rev-version>
          <major>1</major>
          <minor>0</minor>
          <revision>0</revision>
        </rev-version>
        <changelog lang="en-gb">
          <change>Fixed problems with subsilver template</change>
        </changelog>
      </entry>
      <entry>
        <date>2007-10-20</date>
        <rev-version>
          <major>0</major>
          <minor>3</minor>
          <revision>1</revision>
        </rev-version>
        <changelog lang="en-gb">
          <change>Fixed imcompatibilites with phpBB3 RC7</change>
        </changelog>
      </entry>
      <entry>
        <date>2007-08-03</date>
        <rev-version>
          <major>0</major>
          <minor>3</minor>
          <revision>0</revision>
        </rev-version>
        <changelog lang="en-gb">
          <change>Fixed theme bugs</change>
        </changelog>
      </entry>
      <entry>
        <date>2007-06-05</date>
        <rev-version>
          <major>0</major>
          <minor>2</minor>
          <revision>0</revision>
        </rev-version>
        <changelog lang="en-gb">
          <change>Fixed focus textarea</change>
          <change>Fixed Subject in quick reply</change>
          <change>Added option to enable bbcode buttons</change>
        </changelog>
      </entry>
      <entry>
        <date>2007-06-05</date>
        <rev-version>
          <major>0</major>
          <minor>1</minor>
          <revision>5</revision>
        </rev-version>
        <changelog lang="en-gb">
          <change>Fixed quote last message smilie</change>
        </changelog>
      </entry>
      <entry>
        <date>2007-06-02</date>
        <rev-version>
          <major>0</major>
          <minor>1</minor>
          <revision>4</revision>
        </rev-version>
        <changelog lang="en-gb">
          <change>Fixed javascript error for Anonymous User</change>
        </changelog>
      </entry>
      <entry>
        <date>2007-06-02</date>
        <rev-version>
          <major>0</major>
          <minor>1</minor>
          <revision>3</revision>
        </rev-version>
        <changelog lang="en-gb">
          <change>Added Subsilver2 template</change>
        </changelog>
      </entry>
      <entry>
        <date>2007-05-29</date>
        <rev-version>
          <major>0</major>
          <minor>1</minor>
          <revision>2</revision>
        </rev-version>
        <changelog lang="en-gb">
          <change>Fixed javascript error</change>
          <change>Fixed incompatibility with Firefox</change>
        </changelog>
      </entry>
      <entry>
        <date>2007-05-29</date>
        <rev-version>
          <major>0</major>
          <minor>1</minor>
          <revision>1</revision>
        </rev-version>
        <changelog lang="en-gb">
          <change>Add Optoin of colorize</change>
        </changelog>
      </entry>
      <entry>
        <date>2007-05-28</date>
        <rev-version>
          <major>0</major>
          <minor>1</minor>
          <revision>0</revision>
        </rev-version>
        <changelog lang="en-gb">
          <change>Initial Release</change>
        </changelog>
      </entry>
    </history>
  </installation>
 </header>
  <action-group>
    <copy>
      <file from="root/includes/quickreply.php" to="/includes/quickreply.php" />
      <file from="root/language/en/mods/quickreply.php" to="/language/en/mods/quickreply.php" />	  
    </copy>
    <open src="viewtopic.php">
      <edit>
        <find>// Output the posts
$first_unread = $post_unread = false;</find>
        <action type="before-add">//-- mod : Advanced Quick Reply ---------------------------------------------------------------------
$last_post = end($rowset);
//-- fin mod : Advanced Quick Reply -----------------------------------------------------------------</action>
      </edit>
      <edit>
        <find>page_footer();</find>
        <action type="before-add">//-- mod : Advanced Quick Reply ---------------------------------------------------------------------
include $phpbb_root_path . 'includes/quickreply.' . $phpEx;
$QuickReply = new QuickReply($topic_id, $forum_id, $topic_data, $last_post);
//-- fin mod : Advanced Quick Reply -----------------------------------------------------------------</action>
      </edit>
    </open>
  </action-group>
</mod>