<?xml version="1.0" encoding="utf-8"?>
<!DOCTYPE install SYSTEM "http://dev.joomla.org/xml/1.5/component-install.dtd">
<install type="component" version="1.5.0">
	<name>AceSEF</name>
	<author>JoomAce LLC</author>
	<creationDate>29 August 2009</creationDate>
	<authorEmail>info@joomace.net</authorEmail>
	<authorUrl>http://www.joomace.net</authorUrl>
	<copyright>(C) 2009 JoomAce LLC</copyright>
	<license>GNU General Public License</license>
	<version>1.1.0</version>
	<description>AceSEF is a flexible and powerful SEF URLs and Meta Tags generator with an easy-to-use graphical user interface that simplifies the generation and management of your URLs.</description>
	<files>
	</files>
	<administration>
		<languages folder="languages">
			<language tag="">de-DE/de-DE.com_acesef.ini</language>
			<language tag="en-GB">en-GB/en-GB.com_acesef.ini</language>
			<language tag="">es-ES/es-ES.com_acesef.ini</language>
			<language tag="">fr-FR/fr-FR.com_acesef.ini</language>
			<language tag="">it-IT/it-IT.com_acesef.ini</language>
			<language tag="">pl-PL/pl-PL.com_acesef.ini</language>
			<language tag="">pt-BR/pt-BR.com_acesef.ini</language>
			<language tag="">pt-PT/pt-PT.com_acesef.ini</language>
			<language tag="">ru-RU/ru-RU.com_acesef.ini</language>
			<language tag="">sr-RS/sr-RS.com_acesef.ini</language>
			<language tag="">tr-TR/tr-TR.com_acesef.ini</language>
			<language tag="">zh-CN/zh-CN.com_acesef.ini</language>
			<language tag="">zh-TW/zh-TW.com_acesef.ini</language>
		</languages>
		<menu img="components/com_acesef/assets/images/favicon.png">AceSEF</menu>
		<files>
			<!-- Files -->
			<filename>index.html</filename>
			<filename>acesef.xml</filename>
			<filename>admin.acesef.php</filename>
			<filename writable="yes">configuration.php</filename>
			<filename>controller.php</filename>
			<filename>install.acesef.php</filename>
			<filename>uninstall.acesef.php</filename>
			<filename>toolbar.acesef.php</filename>
			<filename>install.sql</filename>
			<filename>uninstall.sql</filename>
			<!-- Folders -->
			<folder>assets</folder>
			<folder>classes</folder>
			<folder>controllers</folder>
			<folder writable="yes">extensions</folder>
			<folder>models</folder>
			<folder>plugin</folder>
			<folder>tables</folder>
			<folder>upgrade</folder>
			<folder>views</folder>
		</files>
	</administration>
	<install>
		<sql>
			<file charset="utf8" driver="mysql">install.sql</file>
		</sql>
	</install>
	<uninstall>
		<sql>
			<file charset="utf8" driver="mysql">uninstall.sql</file>
		</sql>
	</uninstall>
	<installfile>install.acesef.php</installfile>
	<uninstallfile>uninstall.acesef.php</uninstallfile>
</install>