<?xml version="1.0" encoding="utf-8"?>
<joomfish type="contentelement">
	<name>Gavick Tabs Manager GK3</name>
	<author>GavickPro</author>
	<version>1.0</version>
	<description>Definition for the tabs titles in module GK Tab for Tabs Manager GK3 component. (Thanks Jossi Fresco)</description>
	<reference>
		<table name="gk3_tabs_manager_tabs">
			<field type="referenceid" name="id" translate="0">ID</field>
			<field type="titletext" name="name" translate="1">Name</field>
		</table>
	</reference>
</joomfish>