<?xml version="1.0" encoding="UTF-8"?>
<extension type="component" version="1.6" method="upgrade">
	<name>com_biblia</name>
	<author>Jonnathan Soares Lima</author>
	<authorEmail>jonnsl@hotmail.com</authorEmail>
	<authorUrl>http://www.joomla.org</authorUrl>
	<copyright>(C) 2011 Copyright Info</copyright>
	<license>License Info</license>
	<version>1.0</version>
	<creationDate>Janeiro 2010</creationDate>
	<description>COM_BILIA_XML_DESCRIPTION</description>

	<install>
		<sql>
			<file driver="mysql" charset="utf8">sql/install.mysql.sql</file>
			<file driver="mysql" charset="utf8">sql/install.mysql.livros.sql</file>
			<file driver="mysql" charset="utf8">sql/install.mysql.Gn.sql</file>
			<file driver="mysql" charset="utf8">sql/install.mysql.Ex.sql</file>
			<file driver="mysql" charset="utf8">sql/install.mysql.Lv.sql</file>
			<file driver="mysql" charset="utf8">sql/install.mysql.Nm.sql</file>
			<file driver="mysql" charset="utf8">sql/install.mysql.Dt.sql</file>
			<file driver="mysql" charset="utf8">sql/install.mysql.Js.sql</file>
			<file driver="mysql" charset="utf8">sql/install.mysql.Jz.sql</file>
			<file driver="mysql" charset="utf8">sql/install.mysql.Rt.sql</file>
			<file driver="mysql" charset="utf8">sql/install.mysql.1Sm.sql</file>
			<file driver="mysql" charset="utf8">sql/install.mysql.2Sm.sql</file>
			<file driver="mysql" charset="utf8">sql/install.mysql.1Rs.sql</file>
			<file driver="mysql" charset="utf8">sql/install.mysql.2Rs.sql</file>
			<file driver="mysql" charset="utf8">sql/install.mysql.1Cr.sql</file>
			<file driver="mysql" charset="utf8">sql/install.mysql.2Cr.sql</file>
			<file driver="mysql" charset="utf8">sql/install.mysql.Ed.sql</file>
			<file driver="mysql" charset="utf8">sql/install.mysql.Ne.sql</file>
			<file driver="mysql" charset="utf8">sql/install.mysql.Et.sql</file>
			<file driver="mysql" charset="utf8">sql/install.mysql.Jo.sql</file>
			<file driver="mysql" charset="utf8">sql/install.mysql.Sl.sql</file>
			<file driver="mysql" charset="utf8">sql/install.mysql.Pv.sql</file>
			<file driver="mysql" charset="utf8">sql/install.mysql.Ec.sql</file>
			<file driver="mysql" charset="utf8">sql/install.mysql.Ct.sql</file>
			<file driver="mysql" charset="utf8">sql/install.mysql.Is.sql</file>
			<file driver="mysql" charset="utf8">sql/install.mysql.Jr.sql</file>
			<file driver="mysql" charset="utf8">sql/install.mysql.Lm.sql</file>
			<file driver="mysql" charset="utf8">sql/install.mysql.Ez.sql</file>
			<file driver="mysql" charset="utf8">sql/install.mysql.Dn.sql</file>
			<file driver="mysql" charset="utf8">sql/install.mysql.Os.sql</file>
			<file driver="mysql" charset="utf8">sql/install.mysql.Jl.sql</file>
			<file driver="mysql" charset="utf8">sql/install.mysql.Am.sql</file>
			<file driver="mysql" charset="utf8">sql/install.mysql.Ob.sql</file>
			<file driver="mysql" charset="utf8">sql/install.mysql.Jn.sql</file>
			<file driver="mysql" charset="utf8">sql/install.mysql.Mq.sql</file>
			<file driver="mysql" charset="utf8">sql/install.mysql.Na.sql</file>
			<file driver="mysql" charset="utf8">sql/install.mysql.Hc.sql</file>
			<file driver="mysql" charset="utf8">sql/install.mysql.Sf.sql</file>
			<file driver="mysql" charset="utf8">sql/install.mysql.Ag.sql</file>
			<file driver="mysql" charset="utf8">sql/install.mysql.Zc.sql</file>
			<file driver="mysql" charset="utf8">sql/install.mysql.Ml.sql</file>
			<file driver="mysql" charset="utf8">sql/install.mysql.Mt.sql</file>
			<file driver="mysql" charset="utf8">sql/install.mysql.Mc.sql</file>
			<file driver="mysql" charset="utf8">sql/install.mysql.Lc.sql</file>
			<file driver="mysql" charset="utf8">sql/install.mysql.JOA.sql</file>
			<file driver="mysql" charset="utf8">sql/install.mysql.At.sql</file>
			<file driver="mysql" charset="utf8">sql/install.mysql.Rm.sql</file>
			<file driver="mysql" charset="utf8">sql/install.mysql.1Co.sql</file>
			<file driver="mysql" charset="utf8">sql/install.mysql.2Co.sql</file>
			<file driver="mysql" charset="utf8">sql/install.mysql.Gl.sql</file>
			<file driver="mysql" charset="utf8">sql/install.mysql.Ef.sql</file>
			<file driver="mysql" charset="utf8">sql/install.mysql.Fp.sql</file>
			<file driver="mysql" charset="utf8">sql/install.mysql.Cl.sql</file>
			<file driver="mysql" charset="utf8">sql/install.mysql.1Ts.sql</file>
			<file driver="mysql" charset="utf8">sql/install.mysql.2Ts.sql</file>
			<file driver="mysql" charset="utf8">sql/install.mysql.1Tm.sql</file>
			<file driver="mysql" charset="utf8">sql/install.mysql.2Tm.sql</file>
			<file driver="mysql" charset="utf8">sql/install.mysql.Tt.sql</file>
			<file driver="mysql" charset="utf8">sql/install.mysql.Fm.sql</file>
			<file driver="mysql" charset="utf8">sql/install.mysql.Hb.sql</file>
			<file driver="mysql" charset="utf8">sql/install.mysql.Tg.sql</file>
			<file driver="mysql" charset="utf8">sql/install.mysql.1Pe.sql</file>
			<file driver="mysql" charset="utf8">sql/install.mysql.2Pe.sql</file>
			<file driver="mysql" charset="utf8">sql/install.mysql.1Jo.sql</file>
			<file driver="mysql" charset="utf8">sql/install.mysql.2Jo.sql</file>
			<file driver="mysql" charset="utf8">sql/install.mysql.3Jo.sql</file>
			<file driver="mysql" charset="utf8">sql/install.mysql.Jd.sql</file>
			<file driver="mysql" charset="utf8">sql/install.mysql.Ap.sql</file>
		</sql>
	</install>
	<uninstall>
		<sql>
			<file driver="mysql" charset="utf8" folder="sql">sql/uninstall.mysql.sql</file>
		</sql>
	</uninstall>

	<files folder="site/com_biblia">
		<folder>controllers</folder>
		<folder>models</folder>
		<folder>views</folder>
		<filename>biblia.php</filename>
		<filename>router.php</filename>
		<filename>index.html</filename>
	</files>

	<languages folder="language">
		<language tag="pt-BR">pt-BR.com_biblia.ini</language>
	</languages>

	<media destination="biblia" folder="media/biblia">
		<folder>css</folder>
		<folder>js</folder>
		<filename>index.html</filename>
	</media>

	<administration>

		<files folder="administrator/com_biblia">
			<folder>libraries</folder>
			<folder>sql</folder>
			<filename>index.html</filename>
		</files>

 		<languages folder="administrator/language">
			<language tag="pt-BR">pt-BR.com_biblia.sys.ini</language>
		</languages>

	</administration>

	<tables>
		<table>#__biblia_livros</table>
		<table>#__biblia_versiculos</table>
	</tables>

	<dependencies>
		<dependency type="platform" name="joomla" operator="=" version="1.6" />
	</dependencies>
</extension>
