<?xml version="1.0" ?>
<comupgrade version="1.0">
	<install version="1.5.7" versiondate="2009-11-18" build="1851" versionname="Kuiskaus">
		<query>CREATE TABLE IF NOT EXISTS `#__fb_announcement` (
                    `id` int(3) NOT NULL auto_increment,
                    `title` tinytext NOT NULL,
                    `sdescription` text NOT NULL,
                    `description` text NOT NULL,
                    `created` datetime NOT NULL default '0000-00-00 00:00:00',
                    `published` tinyint(1) NOT NULL default '0',
                    `ordering` tinyint(4) NOT NULL default '0',
                    `showdate` tinyint(1) NOT NULL default '1',
                PRIMARY KEY  (`id`) ) DEFAULT CHARSET=utf8</query>
        <query>CREATE TABLE IF NOT EXISTS `#__fb_attachments` (
                    `mesid` int(11) NOT NULL default '0',
                    `filelocation` text NOT NULL,
                KEY `mesid` (`mesid`) ) DEFAULT CHARSET=utf8</query>
        <query>CREATE TABLE IF NOT EXISTS `#__fb_categories` (
                    `id` int(11) NOT NULL auto_increment,
                    `parent` int(11) default '0',
                    `name` tinytext,
                    `cat_emoticon` tinyint(4) NOT NULL default '0',
                    `locked` tinyint(4) NOT NULL default '0',
                    `alert_admin` tinyint(4) NOT NULL default '0',
                    `moderated` tinyint(4) NOT NULL default '1',
                    `moderators` varchar(15) default NULL,
                    `pub_access` tinyint(4) default '1',
                    `pub_recurse` tinyint(4) default '1',
                    `admin_access` tinyint(4) default '0',
                    `admin_recurse` tinyint(4) default '1',
                    `ordering` tinyint(4) NOT NULL default '0',
                    `future2` int(11) default '0',
                    `published` tinyint(4) NOT NULL default '0',
                    `checked_out` tinyint(4) NOT NULL default '0',
                    `checked_out_time` datetime NOT NULL default '0000-00-00 00:00:00',
                    `review` tinyint(4) NOT NULL default '0',
                    `hits` int(11) NOT NULL default '0',
                    `description` text NOT NULL,
                    `headerdesc` text NOT NULL,
                    `class_sfx` varchar(20) NOT NULL,
                    `id_last_msg` int(10) NOT NULL default '0',
                    `numTopics` mediumint(8) NOT NULL default '0',
                    `numPosts` mediumint(8) NOT NULL default '0',
                    `time_last_msg` int(11) default NULL,
                PRIMARY KEY  (`id`),
                KEY `parent` (`parent`),
                KEY `published_pubaccess_id` (`published`,`pub_access`,`id`),
                KEY `msg_id` (`id_last_msg`) ) DEFAULT CHARSET=utf8</query>
       <query>CREATE TABLE IF NOT EXISTS `#__fb_favorites` (
                    `thread` int(11) NOT NULL default '0',
                    `userid` int(11) NOT NULL default '0',
                UNIQUE KEY `thread` (`thread`,`userid`),
                KEY `userid` (`userid`) ) DEFAULT CHARSET=utf8</query>
       <query>CREATE TABLE IF NOT EXISTS `#__fb_groups` (
                    `id` int(4) NOT NULL auto_increment,
                    `title` varchar(255) default NULL,
                PRIMARY KEY  (`id`) ) DEFAULT CHARSET=utf8</query>
		<query>CREATE TABLE IF NOT EXISTS `#__fb_messages_text` (
                    `mesid` int(11) NOT NULL default '0',
                    `message` text NOT NULL,
                PRIMARY KEY  (`mesid`) ) DEFAULT CHARSET=utf8</query>
		<query>CREATE TABLE IF NOT EXISTS `#__fb_moderation` (
                    `catid` int(11) NOT NULL default '0',
                    `userid` int(11) NOT NULL default '0',
                    `future1` tinyint(4) default '0',
                    `future2` int(11) default '0',
                PRIMARY KEY  (`catid`,`userid`) ) DEFAULT CHARSET=utf8</query>
		<query>CREATE TABLE IF NOT EXISTS `#__fb_sessions` (
                    `userid` int(11) NOT NULL default '0',
                    `allowed` text,
                    `lasttime` int(11) NOT NULL default '0',
                    `readtopics` text,
                    `currvisit` int(11) NOT NULL default '0',
                PRIMARY KEY  (`userid`) ) DEFAULT CHARSET=utf8</query>
		<query>CREATE TABLE IF NOT EXISTS `#__fb_smileys` (
                    `id` int(4) NOT NULL auto_increment,
                    `code` varchar(12) NOT NULL default '',
                    `location` varchar(50) NOT NULL default '',
                    `greylocation` varchar(60) NOT NULL default '',
                    `emoticonbar` tinyint(4) NOT NULL default '0',
                PRIMARY KEY  (`id`) ) DEFAULT CHARSET=utf8</query>
		<query>CREATE TABLE IF NOT EXISTS `#__fb_subscriptions` (
                    `thread` int(11) NOT NULL default '0',
                    `userid` int(11) NOT NULL default '0',
                    `future1` int(11) default '0',
                UNIQUE KEY `thread` (`thread`,`userid`),
                KEY `userid` (`userid`) ) DEFAULT CHARSET=utf8</query>
		<query>CREATE TABLE IF NOT EXISTS `#__fb_users` (
                    `userid` int(11) NOT NULL default '0',
                    `view` varchar(8) NOT NULL default 'flat',
                    `signature` text,
                    `moderator` int(11) default '0',
                    `ordering` int(11) default '0',
                    `posts` int(11) default '0',
                    `avatar` varchar(50) default NULL,
                    `karma` int(11) default '0',
                    `karma_time` int(11) default '0',
                    `group_id` int(4) default '1',
                    `uhits` int(11) default '0',
                    `personalText` tinytext,
                    `gender` tinyint(4) NOT NULL default '0',
                    `birthdate` date NOT NULL default '0001-01-01',
                    `location` varchar(50) default NULL,
                    `ICQ` varchar(50) default NULL,
                    `AIM` varchar(50) default NULL,
                    `YIM` varchar(50) default NULL,
                    `MSN` varchar(50) default NULL,
                    `SKYPE` varchar(50) default NULL,
                    `GTALK` varchar(50) default NULL,
                    `websitename` varchar(50) default NULL,
                    `websiteurl` varchar(50) default NULL,
                    `rank` tinyint(4) NOT NULL default '0',
                    `hideEmail` tinyint(1) NOT NULL default '1',
                    `showOnline` tinyint(1) NOT NULL default '1',
                PRIMARY KEY  (`userid`),
                KEY `group_id` (`group_id`),
                KEY `posts` (`posts`),
                KEY `uhits` (`uhits`) ) DEFAULT CHARSET=utf8</query>
		<query>CREATE TABLE IF NOT EXISTS `#__fb_whoisonline` (
                    `id` int(6) NOT NULL auto_increment,
                    `userid` int(7) NOT NULL default '0',
                    `time` varchar(14) NOT NULL default '0',
                    `item` int(6) default '0',
                    `what` varchar(255) default '0',
                    `func` varchar(50) default NULL,
                    `do` varchar(50) default NULL,
                    `task` varchar(50) default NULL,
                    `link` text,
                    `userip` varchar(20) NOT NULL default '',
                    `user` tinyint(2) NOT NULL default '0',
                PRIMARY KEY  (`id`),
                KEY `userid` (`userid`) ) DEFAULT CHARSET=utf8</query>
		<query>CREATE TABLE IF NOT EXISTS `#__fb_ranks` (
                    `rank_id` mediumint(8) unsigned NOT NULL auto_increment,
                    `rank_title` varchar(255) NOT NULL default '',
                    `rank_min` mediumint(8) unsigned NOT NULL default '0',
                    `rank_special` tinyint(1) unsigned NOT NULL default '0',
                    `rank_image` varchar(255) NOT NULL default '',
                PRIMARY KEY  (`rank_id`) ) DEFAULT CHARSET=utf8</query>
		<query>INSERT INTO `#__fb_ranks` (
		            `rank_id`, `rank_title`, `rank_min`, `rank_special`, `rank_image`) VALUES
                    (1, 'Fresh Boarder', 0, 0, 'rank1.gif'),
                    (2, 'Junior Boarder', 20, 0, 'rank2.gif'),
                    (3, 'Senior Boarder', 40, 0, 'rank3.gif'),
                    (4, 'Expert Boarder', 80, 0, 'rank4.gif'),
                    (5, 'Gold Boarder', 160, 0, 'rank5.gif'),
                    (6, 'Platinum Boarder', 320, 0, 'rank6.gif'),
                    (7, 'Administrator', 0, 1, 'rankadmin.gif'),
                    (8, 'Moderator', 0, 1, 'rankmod.gif'),
                    (9, 'Spammer', 0, 1, 'rankspammer.gif')</query>
        <query>INSERT INTO `#__fb_groups`(`id`,`title`) values (1,'"._KUNENA_REGISTERED."')</query>
		<query>INSERT INTO `#__fb_smileys`(`id`,`code`,`location`,`greylocation`,`emoticonbar`) 
		            VALUES  (1,'B)','cool.png','cool-grey.png',1),
		                    (2,':(','sad.png','sad-grey.png',1),
		                    (3,':)','smile.png','smile-grey.png',1),
		                    (4,':-)','smile.png','smile-grey.png',0),
		                    (5,':-(','sad.png','sad-grey.png',0),
		                    (6,':laugh:','laughing.png','laughing-grey.png',1),
		                    (7,':cheer:','cheerful.png','cheerful-grey.png',1),
		                    (8,';)','wink.png','wink-grey.png',1),
		                    (9,';-)','wink.png','wink-grey.png',0),
		                    (10,':P','tongue.png','tongue-grey.png',1),
		                    (12,':X','sick.png','sick-grey.png',0),
		                    (13,':x','sick.png','sick-grey.png',0),
		                    (14,':angry:','angry.png','angry-grey.png',1),
		                    (15,':mad:','angry.png','angry-grey.png',0),
		                    (16,':unsure:','unsure.png','unsure-grey.png',1),
		                    (17,':ohmy:','shocked.png','shocked-grey.png',1),
		                    (18,':huh:','wassat.png','wassat-grey.png',1),
		                    (19,':dry:','ermm.png','ermm-grey.png',1),
		                    (20,':ermm:','ermm.png','ermm-grey.png',0),
		                    (21,':lol:','grin.png','grin-grey.png',1),
		                    (22,':sick:','sick.png','sick-grey.png',1),
		                    (23,':silly:','silly.png','silly-grey.png',1),
		                    (24,':y32b4:','silly.png','silly-grey.png',0),
		                    (25,':blink:','blink.png','blink-grey.png',1),
		                    (26,':blush:','blush.png','blush-grey.png',1),
		                    (27,':kiss:','kissing.png','kissing-grey.png',1),
		                    (28,':rolleyes:','blink.png','blink-grey.png',0),
		                    (29,':woohoo:','w00t.png','w00t-grey.png',1),
		                    (30,':side:','sideways.png','sideways-grey.png',1),
		                    (31,':S','dizzy.png','dizzy-grey.png',1),
		                    (32,':s','dizzy.png','dizzy-grey.png',0),
		                    (33,':evil:','devil.png','devil-grey.png',1),
		                    (34,':whistle:','whistling.png','whistling-grey.png',1),
		                    (35,':pinch:','pinch.png','pinch-grey.png',1),
		                    (36,':p','tongue.png','tongue-grey.png',0),
		                    (37,':D','laughing.png','laughing-grey.png',0)</query>
       <query>CREATE TABLE IF NOT EXISTS `#__fb_messages` (
                    `id` int(11) NOT NULL auto_increment,
                    `parent` int(11) default '0',
                    `thread` int(11) default '0',
                    `catid` int(11) NOT NULL default '0',
                    `name` tinytext,
                    `userid` int(11) NOT NULL default '0',
                    `email` tinytext,
                    `subject` tinytext,
                    `time` int(11) NOT NULL default '0',
                    `ip` varchar(15) default NULL,
                    `topic_emoticon` int(11) NOT NULL default '0',
                    `locked` tinyint(4) NOT NULL default '0',
                    `hold` tinyint(4) NOT NULL default '0',
                    `ordering` int(11) default '0',
                    `hits` int(11) default '0',
                    `moved` tinyint(4) default '0',
                    `modified_by` int(7) default NULL,
                    `modified_time` int(11) default NULL,
                    `modified_reason` tinytext,
                PRIMARY KEY  (`id`),
                KEY `thread` (`thread`),
                KEY `parent` (`parent`),
                KEY `catid` (`catid`),
                KEY `ip` (`ip`),
                KEY `userid` (`userid`),
                KEY `time` (`time`),
                KEY `locked` (`locked`),
                KEY `hold_time` (`hold`,`time`),
                KEY `parent_hits` (`parent`,`hits`) ) DEFAULT CHARSET=utf8</query>
		<phpfile name="kunena.special.install.php" />
   	</install>
	<upgrade>
		<version version="1.0.5" versiondate="2008-12-1" build="855" versionname="Redwood">
			<phpfile name="kunena.special.upgrade.1.0.5.php" />
			<query mode="silenterror">ALTER TABLE `#__fb_attachments` ADD KEY `mesid`(`mesid`), COMMENT=''</query>
			<query mode="silenterror">ALTER TABLE `#__fb_categories` ADD COLUMN `headerdesc` text NOT NULL AFTER `description`, COMMENT=''</query>
			<query mode="silenterror">ALTER TABLE `#__fb_categories` ADD COLUMN `class_sfx` varchar(20) NOT NULL AFTER `headerdesc`, COMMENT=''</query>
			<query mode="silenterror">ALTER TABLE `#__fb_categories` ADD COLUMN `id_last_msg` int(10) NOT NULL DEFAULT '0' AFTER `class_sfx`, COMMENT=''</query>
			<query mode="silenterror">ALTER TABLE `#__fb_categories` ADD COLUMN `numTopics` mediumint(8) NOT NULL DEFAULT '0' AFTER `id_last_msg`, COMMENT=''</query>
			<query mode="silenterror">ALTER TABLE `#__fb_categories` ADD COLUMN `numPosts` mediumint(8) NOT NULL DEFAULT '0' AFTER `numTopics`, COMMENT=''</query>
			<query mode="silenterror">ALTER TABLE `#__fb_categories` ADD COLUMN `time_last_msg` int(11) NULL  AFTER `numPosts`, COMMENT=''</query>
			<query mode="silenterror">ALTER TABLE `#__fb_categories` DROP KEY `catid`, COMMENT=''</query>
			<query mode="silenterror">ALTER TABLE `#__fb_categories` DROP KEY `catparent`, COMMENT=''</query>
			<query mode="silenterror">ALTER TABLE `#__fb_categories` ADD KEY `msg_id`(`id_last_msg`), COMMENT=''</query>
			<query mode="silenterror">ALTER TABLE `#__fb_categories` ADD KEY `parent`(`parent`), COMMENT=''</query>
			<query mode="silenterror">ALTER TABLE `#__fb_categories` ADD PRIMARY KEY(`id`), COMMENT=''</query>
			<query mode="silenterror">ALTER TABLE `#__fb_categories` ADD KEY `published_pubaccess_id`(`published`,`pub_access`,`id`), COMMENT=''</query>
			<query>CREATE TABLE IF NOT EXISTS `#__fb_groups`(
                        `id` int(4) NOT NULL  auto_increment  , 
                        `title` varchar(255) NULL   , 
                        PRIMARY KEY (`id`) )</query>
			<query mode="silenterror">ALTER TABLE `#__fb_messages` ADD COLUMN `modified_by` int(7) NULL AFTER `moved`, COMMENT=''</query>
			<query mode="silenterror">ALTER TABLE `#__fb_messages` ADD COLUMN `modified_time` int(11) NULL AFTER `modified_by`, COMMENT=''</query>
			<query mode="silenterror">ALTER TABLE `#__fb_messages` ADD COLUMN `modified_reason` tinytext NULL AFTER `modified_time`, COMMENT=''</query>
			<query mode="silenterror">ALTER TABLE `#__fb_messages` ADD KEY `hold_time`(`hold`,`time`), COMMENT=''</query>
			<query mode="silenterror">ALTER TABLE `#__fb_messages` DROP KEY `id`, COMMENT=''</query>
			<query mode="silenterror">ALTER TABLE `#__fb_messages` ADD KEY `locked`(`locked`), COMMENT=''</query>
			<query mode="silenterror">ALTER TABLE `#__fb_messages` ADD KEY `time`(`time`), COMMENT=''</query>
			<query mode="silenterror">ALTER TABLE `#__fb_messages_text` DROP KEY `mesid`, COMMENT=''</query>
			<query mode="silenterror">ALTER TABLE `#__fb_messages_text` ADD PRIMARY KEY(`mesid`), COMMENT=''</query>
			<query mode="silenterror">ALTER TABLE `#__fb_moderation` DROP KEY `catid`, COMMENT=''</query>			
			<query>CREATE TABLE IF NOT EXISTS `#__fb_ranks`(
                        `rank_id` mediumint(8) unsigned NOT NULL  auto_increment  , 
                        `rank_title` varchar(255) NOT NULL   , 
                        `rank_min` mediumint(8) unsigned NOT NULL  DEFAULT '0'  , 
                        `rank_special` tinyint(1) unsigned NOT NULL  DEFAULT '0'  , 
                        `rank_image` varchar(255) NOT NULL   , 
                        PRIMARY KEY (`rank_id`) )</query>
			<query mode="silenterror">ALTER TABLE `#__fb_users` ADD COLUMN `group_id` int(4) NULL DEFAULT '1' AFTER `karma_time`, COMMENT=''</query>			
			<query mode="silenterror">ALTER TABLE `#__fb_users` ADD COLUMN `uhits` int(11) NULL  DEFAULT '0' AFTER `group_id`, COMMENT=''</query>			
			<query mode="silenterror">ALTER TABLE `#__fb_users` ADD COLUMN `personalText` tinytext NULL AFTER `uhits`, COMMENT=''</query>			
			<query mode="silenterror">ALTER TABLE `#__fb_users` ADD COLUMN `gender` tinyint(4) NOT NULL DEFAULT '0' AFTER `personalText`, COMMENT=''</query>			
			<query mode="silenterror">ALTER TABLE `#__fb_users` ADD COLUMN `birthdate` date NOT NULL DEFAULT '0000-00-00' AFTER `gender`, COMMENT=''</query>			
			<query mode="silenterror">ALTER TABLE `#__fb_users` ADD COLUMN `location` varchar(50) NULL AFTER `birthdate`, COMMENT=''</query>			
			<query mode="silenterror">ALTER TABLE `#__fb_users` ADD COLUMN `ICQ` varchar(50) NULL AFTER `location`, COMMENT=''</query>			
			<query mode="silenterror">ALTER TABLE `#__fb_users` ADD COLUMN `AIM` varchar(50) NULL AFTER `ICQ`, COMMENT=''</query>			
			<query mode="silenterror">ALTER TABLE `#__fb_users` ADD COLUMN `YIM` varchar(50) NULL AFTER `AIM`, COMMENT=''</query>			
			<query mode="silenterror">ALTER TABLE `#__fb_users` ADD COLUMN `MSN` varchar(50) NULL AFTER `YIM`, COMMENT=''</query>			
			<query mode="silenterror">ALTER TABLE `#__fb_users` ADD COLUMN `SKYPE` varchar(50) NULL AFTER `MSN`, COMMENT=''</query>			
			<query mode="silenterror">ALTER TABLE `#__fb_users` ADD COLUMN `hideEmail` tinyint(1) NOT NULL DEFAULT '1' AFTER `SKYPE`, COMMENT=''</query>			
			<query mode="silenterror">ALTER TABLE `#__fb_users` ADD COLUMN `showOnline` tinyint(1) NOT NULL DEFAULT '1' AFTER `hideEmail`, COMMENT=''</query>			
			<query mode="silenterror">ALTER TABLE `#__fb_users` ADD COLUMN `rank` tinyint(4) NOT NULL DEFAULT '0' AFTER `showOnline`, COMMENT=''</query>			
			<query mode="silenterror">ALTER TABLE `#__fb_users` ADD COLUMN `GTALK` varchar(50) NULL AFTER `rank`, COMMENT=''</query>			
			<query mode="silenterror">ALTER TABLE `#__fb_users` ADD COLUMN `websitename` varchar(50) NULL AFTER `GTALK`, COMMENT=''</query>			
			<query mode="silenterror">ALTER TABLE `#__fb_users` ADD COLUMN `websiteurl` varchar(50) NULL AFTER `websitename`, COMMENT=''</query>			
			<query mode="silenterror">ALTER TABLE `#__fb_users` ADD KEY `group_id`(`group_id`), COMMENT=''</query>			
			<query mode="silenterror">ALTER TABLE `#__fb_whoisonline` ADD KEY `userid`(`userid`), COMMENT=''</query>
			<query mode="silenterror">INSERT INTO `#__fb_groups` VALUES ('1', 'Registered User')</query>
			<query mode="silenterror">INSERT INTO `#__fb_ranks` (`rank_id`, `rank_title`, `rank_min`, `rank_special`, `rank_image`) VALUES
                        (1, 'Fresh Boarder', 0, 0, 'rank1.gif'),
                        (2, 'Junior Boarder', 20, 0, 'rank2.gif'),
                        (3, 'Senior Boarder', 40, 0, 'rank3.gif'),
                        (4, 'Expert Boarder', 80, 0, 'rank4.gif'),
                        (5, 'Gold Boarder', 160, 0, 'rank5.gif'),
                        (6, 'Platinum Boarder', 320, 0, 'rank6.gif'),
                        (7, 'Administrator', 0, 1, 'rankadmin.gif'),
                        (8, 'Moderator', 0, 1, 'rankmod.gif'),
                        (9, 'Spammer', 0, 1, 'rankspammer.gif')</query>
		    <query mode="silenterror">ALTER TABLE `#__fb_sessions` ADD COLUMN `currvisit` int(11) NOT NULL default '0' AFTER `readtopics`, COMMENT=''</query>
		    <query>UPDATE `#__fb_sessions` SET `allowed`='na'</query>
			<query>UPDATE `#__fb_users` SET `rank`=8 WHERE `moderator`=1 AND `rank`=0</query>
			<query>UPDATE `#__fb_messages_text` SET `message` = REPLACE(`message`, "&amp;amp;#039;", "'")</query>
            <query>UPDATE `#__fb_messages_text` SET `message` = REPLACE(`message`, "&amp;amp;quot;", '"')</query>
            <query>UPDATE `#__fb_messages_text` SET `message` = REPLACE(`message`, "&amp;amp;nbsp;", " ")</query>
            <query>UPDATE `#__fb_messages_text` SET `message` = REPLACE(`message`, "&amp;lt;br />", "\n")</query>
            <query>UPDATE `#__fb_messages_text` SET `message` = REPLACE(`message`, "&amp;lt;br>", "\n")</query>
            <query>UPDATE `#__fb_messages_text` SET `message` = REPLACE(`message`, "&amp;amp;lt;", "&lt;")</query>
            <query>UPDATE `#__fb_messages_text` SET `message` = REPLACE(`message`, "&amp;amp;gt;", "&gt;")</query>
            <query>UPDATE `#__fb_messages_text` SET `message` = REPLACE(`message`, "&amp;amp;amp;", "&amp;")</query>
            <query>UPDATE `#__fb_messages_text` SET `message` = REPLACE(`message`, "[IMG", "[img")</query>
            <query>UPDATE `#__fb_messages_text` SET `message` = REPLACE(`message`, "[/IMG]", "[/img]")</query>
            <query>UPDATE `#__fb_messages_text` SET `message` = REPLACE(`message`, "[URL", "[url")</query>
            <query>UPDATE `#__fb_messages_text` SET `message` = REPLACE(`message`, "[/URL]", "[/url]")</query>
            <query>UPDATE `#__fb_messages_text` SET `message` = REPLACE(`message`, "[QUOTE", "[quote")</query>
            <query>UPDATE `#__fb_messages_text` SET `message` = REPLACE(`message`, "[/QUOTE]", "[/quote]")</query>
            <query>UPDATE `#__fb_messages_text` SET `message` = REPLACE(`message`, "[CODE", "[code")</query>
            <query>UPDATE `#__fb_messages_text` SET `message` = REPLACE(`message`, "[/CODE", "[/code")</query>
            <query>UPDATE `#__fb_users` SET `signature` = REPLACE(`signature`, "&amp;amp;#039;", "'")</query>
            <query>UPDATE `#__fb_users` SET `signature` = REPLACE(`signature`, "&amp;amp;quot;", '"')</query>
            <query>UPDATE `#__fb_users` SET `signature` = REPLACE(`signature`, "&amp;amp;nbsp;", " ")</query>
            <query>UPDATE `#__fb_users` SET `signature` = REPLACE(`signature`, "&amp;lt;br />", "\n")</query>
            <query>UPDATE `#__fb_users` SET `signature` = REPLACE(`signature`, "&amp;lt;br>", "\n")</query>
            <query>UPDATE `#__fb_users` SET `signature` = REPLACE(`signature`, "&amp;amp;lt;", "&lt;")</query>
            <query>UPDATE `#__fb_users` SET `signature` = REPLACE(`signature`, "&amp;amp;gt;", "&gt;")</query>
            <query>UPDATE `#__fb_users` SET `signature` = REPLACE(`signature`, "&amp;amp;amp;", "&amp;")</query>
            <query>UPDATE `#__fb_users` SET `signature` = REPLACE(`signature`, "[IMG", "[img")</query>
            <query>UPDATE `#__fb_users` SET `signature` = REPLACE(`signature`, "[/IMG]", "[/img]")</query>
            <query>UPDATE `#__fb_users` SET `signature` = REPLACE(`signature`, "[URL", "[url")</query>
            <query>UPDATE `#__fb_users` SET `signature` = REPLACE(`signature`, "[/URL]", "[/url]")</query>
            <query>UPDATE `#__fb_users` SET `signature` = REPLACE(`signature`, "[QUOTE", "[quote")</query>
            <query>UPDATE `#__fb_users` SET `signature` = REPLACE(`signature`, "[/QUOTE]", "[/quote]")</query>
            <query>UPDATE `#__fb_users` SET `signature` = REPLACE(`signature`, "[CODE", "[code")</query>
            <query>UPDATE `#__fb_users` SET `signature` = REPLACE(`signature`, "[/CODE", "[/code")</query>
		</version>
		<version version="1.0.6" versiondate="2009-01-10" build="870" versionname="Communicate">
			<query mode="silenterror">ALTER TABLE `#__fb_messages` ADD KEY `parent_hits`(`parent`,`hits`)</query>
			<query mode="silenterror">ALTER TABLE `#__fb_users` ADD KEY `posts` ( `posts` )</query>
			<query mode="silenterror">ALTER TABLE `#__fb_users` ADD KEY `uhits` ( `uhits` )</query>
		</version>
		<version version="1.0.8" versiondate="2009-02-17" build="1166" versionname="Speakup!">
			<phpfile name="kunena.special.upgrade.1.0.8.php" />
			<query mode="silenterror">ALTER TABLE `#__fb_config` CHANGE `annmodid` `annmodid` TEXT NULL DEFAULT NULL</query>
			<query mode="silenterror">ALTER TABLE `#__fb_config` CHANGE `latestcategory` `latestcategory` TEXT NULL DEFAULT NULL</query>
			<query mode="silenterror">UPDATE `#__fb_config` SET `latestcategory`=''</query>
			<query>UPDATE `#__fb_users` SET `view`='flat'</query>
			<query>UPDATE `#__fb_messages_text` SET `message` = REPLACE(`message`, "com_fireboard", "com_kunena")</query>
            <query>UPDATE `#__fb_users` SET `signature` = REPLACE(`signature`, "com_fireboard", "com_kunena")</query>
		</version>
		<version version="1.0.10" versiondate="2009-05-21" build="1344" versionname="Parier!">
			<query mode="silenterror">UPDATE `#__fb_config` SET `jmambot`='0'</query>
		</version>
		<version version="1.5.7" versiondate="2009-11-18" build="1851" versionname="Kuiskaus">
		</version>
	</upgrade>
</comupgrade>
