<?xml version="1.0" encoding="utf-8"?>
<install type="acesef_ext" version="1.5.0" method="upgrade">
	<name>User</name>
	<author>JoomAce LLC</author>
	<creationDate>June 2010</creationDate>
	<copyright>(C) 2009-2010 JoomAce LLC</copyright>
	<license>GNU/GPL http://www.gnu.org/copyleft/gpl.html</license>
	<authorEmail>info@joomace.net</authorEmail>
	<authorUrl>www.joomace.net</authorUrl>
	<version>1.5.1</version>
	<description>User extension for AceSEF.</description>
	<files>
		<filename acesef_ext="com_user">com_user.php</filename>
	</files>
	<install>
		<defaultParams>
			<defaultParam name="non_sef_vars" value="layout, activate" />
			<defaultParam name="disable_sef_vars" value="activation, return" />
		</defaultParams>
	</install>
</install>