<?xml version="1.0" encoding="utf-8"?>
<install type="acesef_ext" version="1.5.0" method="upgrade">
	<name>News Feeds</name>
	<author>JoomAce LLC</author>
	<creationDate>June 2010</creationDate>
	<copyright>(C) 2009-2010 JoomAce LLC</copyright>
	<license>GNU/GPL http://www.gnu.org/copyleft/gpl.html</license>
	<authorEmail>info@joomace.net</authorEmail>
	<authorUrl>www.joomace.net</authorUrl>
	<version>1.5.0</version>
	<description>News Feeds extension for AceSEF.</description>
	<files>
		<filename acesef_ext="com_newsfeeds">com_newsfeeds.php</filename>
	</files>
	<params group="url">
		<param name="feed_part" type="list" default="global" label="ACESEF_PARAMS_NEWSFEEDS_PART_FEED" description="ACESEF_PARAMS_NEWSFEEDS_PART_FEED">
 			<option value="global">Use Global</option>
 			<option value="title">ACESEF_COMMON_TITLE_FIELD</option>
 			<option value="alias">ACESEF_COMMON_ALIAS_FIELD</option>
 		</param>
		<param name="category_part" type="list" default="global" label="ACESEF_PARAMS_URL_PART_CATEGORY" description="ACESEF_PARAMS_URL_PART_CATEGORY">
 			<option value="global">Use Global</option>
 			<option value="title">ACESEF_COMMON_TITLE_FIELD</option>
 			<option value="alias">ACESEF_COMMON_ALIAS_FIELD</option>
 		</param>
		<param type="spacer" default="&lt;hr/&gt;" />
		<param name="feedid_inc" type="radio" default="1" label="ACESEF_PARAMS_NEWSFEEDS_FEED_ID" description="ACESEF_PARAMS_NEWSFEEDS_FEED_ID_HELP">
 			<option value="1">No</option>
 			<option value="2">Yes</option>
 		</param>
 		<param name="category_inc" type="radio" default="2" label="ACESEF_PARAMS_URL_CATEGORY" description="ACESEF_PARAMS_URL_CATEGORY_HELP">
 			<option value="1">No</option>
 			<option value="2">Yes</option>
 		</param>
		<param name="categoryid_inc" type="radio" default="1" label="ACESEF_PARAMS_URL_CATEGORY_ID" description="ACESEF_PARAMS_URL_CATEGORY_ID_HELP">
 			<option value="1">No</option>
 			<option value="2">Yes</option>
 		</param>
	</params>
	<params group="categorylist">
 		<param name="categorylist" type="text" label="" description=""/>
	</params>
</install>