<?xml version="1.0" encoding="utf-8"?>
<metadata>
	<params group="default_bookmarks">
		<param name="bookmarks_area" type="list" default="global" label="ACESEF_CONFIG_AREA" description="ACESEF_CONFIG_AREA_HELP">
			<option value="global">Use Global</option>
			<option value="1">ACESEF_CONFIG_AREA_1</option>
			<option value="2">ACESEF_CONFIG_AREA_2</option>
			<option value="3">ACESEF_CONFIG_AREA_3</option>
		</param>
		<param name="bookmarks_icons_pos" type="list" default="global" label="ACESEF_CONFIG_BOOKMARKS_ICONS_POS" description="ACESEF_CONFIG_BOOKMARKS_ICONS_POS_HELP">
			<option value="global">Use Global</option>
			<option value="1">ACESEF_CONFIG_POSITION_1</option>
			<option value="2">ACESEF_CONFIG_POSITION_2</option>
			<option value="3">ACESEF_CONFIG_POSITION_3</option>
		</param>
	</params>
	<params group="default_bookmarks_cats">
		<param name="bookmarks_in_cats" type="list" default="global" label="ACESEF_CONFIG_SHOW_IN_CATS" description="ACESEF_CONFIG_SHOW_IN_CATS_HELP">
			<option value="global">Use Global</option>
			<option value="no">No</option>
			<option value="yes">Yes</option>
		</param>
		<param name="bookmarks_enable_cats" type="list" default="global" label="ACESEF_CONFIG_ENABLE_CATS" description="ACESEF_CONFIG_ENABLE_CATS_HELP">
			<option value="global">Use Global</option>
			<option value="yes">Yes</option>
			<option value="no">No</option>
		</param>
		<param name="bookmarks_cats" type="categorylist" label="CATEGORIES" description="ACESEF_PARAMS_CATS_HELP" />
	</params>
</metadata>