<?xml version="1.0" encoding="utf-8"?>
<install version="1.5" type="language" client="both" method="upgrade">
    <name>JomSocial Portuguese-Brasil</name>
    <tag>pt-BR</tag>
    <version>1.0</version>
    <creationDate>2009-08-29</creationDate>
    <author>Trorram</author>
    <authorEmail></authorEmail>
    <authorUrl>www.joomlaclube.com.br</authorUrl>
    <copyright>(C) 2009 www.joomlaclube.com.br</copyright>
    <license>http://www.gnu.org/licenses/gpl-2.0.html GNU/GPL</license>
    <description>Idioma Protuguês do Brasil para JomSocial</description>
	<administration>
		<files folder="admin">
			<filename>pt-BR.com_community.ini</filename>
		</files>
	</administration>
	<site>
		<files folder="site">
			<filename>pt-BR.com_community.ini</filename>
		</files>
	</site>
</install>
