<?xml version="1.0" encoding="utf-8"?>
<!DOCTYPE install SYSTEM "http://dev.joomla.org/xml/1.5/component-install.dtd">
<install type="component" version="1.5" method="upgrade">
	<name>Agora</name>
	<creationDate>October 2009</creationDate>
	<version>3.0.08 Olympus</version>
	<author>jVitals</author>
	<authorEmail>admin@jVitals.com</authorEmail>
	<authorUrl>http://www.jVitals.com</authorUrl>
	<copyright>(C) Copyright 2009 by jVitals Released under the GNU/GPL License.</copyright>
	<description><![CDATA[
	<p>
	<div class="ag_legalTitleL"><a href="http://jVitals.com" target="_blank"><img src="components/com_agora/image/agora_logo_blue.png" alt="Agora" width="150" height="150" border="0" align="right" title="jVitals.com"/></a>
	One of the most eagerly awaited releases for Joomla, Agora 3.0 Olympus is finally here!
	The jVitals team has been working vigorously on this project in an attempt to make it the best possible Joomla component available. Imagine, No bridges, No hacks, just the finest fully integrated Forum Component solution for the Joomla CMS available.</div>
	</p>
	<p>
	Built from the ground up to be robust and efficient, Agora 3.0 has a large feature set which can not be
	ignored. There are also many add-ons which will be made available immediately for use with Agora, such as integrated modules and plugins.
	</p>

	<p>
	Agora 3 is the future of integrated forums. It includes all the features that you expect from an
	advanced Forum, such as; Quick Post, Ranks, Awards, Image & File Attachments, Advanced Searching, Announcements, Subscriptions, Polls etc…
	Agora 3.0 also includes many features you will not find elsewhere, such as;
	</p>

	<ul>
		<li>Enhanced Warning and Banning system</li>
		<li>Enhanced User Group system</li>
		<li>Enhanced User Rolls</li>
		<li>Built in Private Messaging</li>
		<li>Translated into 31 different languages</li>
		<li><a href="http://jVitals.com">More…</a></li>
	</ul>
	<p>
	All of this, plus optional integration with Community Builder, JomSocial
	and Joomunity and support that is second to none! Visit the <a href="http://jVitals.com">jVitals</a> website for more details.
	</p>
	]]>
	</description>
	<license>GNU GPL</license>
	<files folder="site">
		<folder>js</folder>
		<folder>img</folder>
		<folder>view</folder>
		<folder>helpers</folder>
		<folder>model</folder>
		<folder>style</folder>
		<folder>template</folder>
		<folder>controller</folder>
		<folder>include</folder>
		<filename>router.php</filename>
		<filename>agora.php</filename>
	</files>

	<languages folder="language">
		<language tag="en-GB">en-GB/en-GB.com_agora.ini</language>
		<language tag="pt-BR">pt-BR/pt-BR.com_agora.ini</language>
	</languages>

	<install>
		<sql>
			<file driver="mysql" charset="utf8">install.agora.sql</file>
			<file driver="mysql">install.agora.sql</file>
		</sql>
	</install>
	<uninstall>
		<sql>
			<file driver="mysql" charset="utf8">uninstall.agora.sql</file>
			<file driver="mysql">uninstall.agora.sql</file>
		</sql>
	</uninstall>

	<installfile>install.agora.php</installfile>
	<uninstallfile>uninstall.agora.php</uninstallfile>

	<administration>
		<menu img="../administrator/components/com_agora/image/agora_menu.png">Agora Forum</menu>
		<submenu>
			<menu task="index">Painel de Controle</menu>
			<menu task="options">Opções</menu>
			<menu task="configuration">Configuração</menu>
			<menu task="forums">Fórums</menu>
			<menu task="users">Usuários</menu>
			<menu task="groups">Grupos</menu>
			<menu task="maintenance">Manutenção</menu>
		</submenu>
		<files folder="admin">
			<folder>controller</folder>
			<folder>css</folder>
			<folder>js</folder>
			<folder>image</folder>
			<folder>template</folder>
			<folder>view</folder>
			<filename>upgrade.fresh.sql</filename>
			<filename>upgrade.pantheon.sql</filename>
			<filename>install.agora.sql</filename>
			<filename>uninstall.agora.sql</filename>
			<filename>admin.agora.php</filename>
			<filename>upgrade.php</filename>
			<filename>install.agora.php</filename>
			<filename>uninstall.agora.php</filename>
		</files>
	</administration>
</install>