<?xml version="1.0" encoding="utf-8"?>
<install type="component" version="1.5.0">
  <name>Banners</name>
  <author>Joomla! Project</author>
  <creationDate>April 2006</creationDate>
  <copyright>Copyright (C) 2005 - 2009 Open Source Matters. All rights reserved.</copyright>
  <license>GNU General Public License version 2 or later; see LICENSE.txt</license>
  <authorEmail>admin@joomla.org</authorEmail>
  <authorUrl>www.joomla.org</authorUrl>
  <version>1.5.0</version>
  <description>This component manages banners and banner clients</description>
</install>
