<?xml version="1.0" encoding="utf-8"?>
<install version="1.5" type="plugin" group="content">
  <name>Content - Blinda Links plugin</name>
  <author>Blinda (by JoomlaClube)</author>
  <creationDate>Julho 11, 2010</creationDate>
  <copyright>(C) 2009 blinda.me</copyright>
  <license>http://www.gnu.org/licenses/gpl.html GNU/GPL</license>
  <authorEmail>site@blinda.me</authorEmail>
  <authorUrl>www.blinda.me</authorUrl>
  <version>1.2</version>
  <description>DESC_KATANONYMOUSLINKS</description>
  <files>
    <filename plugin="katanonymouslinks">katanonymouslinks.php</filename>
  </files>
  <languages>
  	<language tag="en-GB">en-GB.plg_content_katanonymouslinks.ini</language>
   </languages>
  <params>
    <param name="service" type="list" default="blinda.me" label="LABEL_SERVICE" description="DESC_SERVICE">
      <option value="blinda.me">PARAM_SERVICE_KATVIN_COM</option>
    </param>
    <param name="all_links" type="list" default="1" label="LABEL_ALL_LINKS" description="DESC_ALL_LINKS">
      <option value="1">PARAM_ALL_LINKS_YES</option>
	  <option value="0">PARAM_ALL_LINKS_NO</option>
    </param>
    <param name="class" type="text" default="anonym" label="LABEL_CLASS" description="DESC_CLASS" />
    <param name="remove_class" type="list" default="0" label="LABEL_REMOVECLASS" description="DESC_REMOVECLASS">
      <option value="0">PARAM_REMOVECLASS_NO</option>
      <option value="1">PARAM_REMOVECLASS_YES</option>
    </param>
    <param name="domain_exclude" type="textarea" rows="10" cols="35" default="" label="LABEL_DOMAIN_EXCLUDE" description="DESC_DOMAIN_EXCLUDE" />
  </params>
</install>
