<?xml version="1.0" ?>
<joomfish type="contentelement">
  <name>ArtForms - Items</name>
  <author>InterJoomla</author>
  <version>2.1b6</version>
  <description>Definition for the artforms component (Items)</description>
  <reference>
  	<table name="artforms_items">
  		<field type="referenceid" name="item_id" translate="0">Item ID</field>
  		<field type="int" name="form_id" translate="0">Form ID</field>
  		<field type="titletext" name="name" translate="1">Item Name</field>
			<field type="int" name="type" translate="0">Item Type</field>
			<field type="int" name="required" translate="0">Required</field>
			<field type="int" name="validation" translate="0">Validation</field>
  		<field type="htmltext" name="values" translate="1">Values</field>
  		<field type="htmltext" name="default_values" translate="1">Default Values</field>
			<field type="int" name="readonly" translate="0">Read Onlyt</field>
			<field type="text" name="customcode" translate="0">Custom Code</field>
			<field type="text" name="layout" translate="0">Layout</field>
			<field type="int" name="item_ordering" translate="0">Item Ordering</field>
  	</table>
  </reference>
  <translationfilters>
  	  <keyword>titletext</keyword>
  	  <formid>form_id</formid>
  	  <id>id</id>
  </translationfilters> 
</joomfish>