<?xml version="1.0" ?>
<joomfish type="contentelement">
  <name>ArtForms</name>
  <author>InterJoomla</author>
  <version>2.1b6</version>
  <description>Definition for the artforms component</description>
  <reference>
  	<table name="artforms">
  		<field type="referenceid" name="id" translate="0">ID</field>
  		<field type="titletext" name="titel" translate="1">Form Titlee</field>
  		<field type="htmltext" name="text" translate="1">Intro Text</field>
  		<field type="htmltext" name="danktext" translate="1">Sent Text</field>
  		<field type="textarea" name="customjscode" translate="0">Custom JS Code</field>
			<field type="textarea" name="customcss" translate="0">Custom CSS</field>
			<field type="textarea" name="metakey" translate="0">Meta Key</field>
			<field type="textarea" name="metadesc" translate="0">Meta Description</field>
			<field type="text" name="email" translate="0">TO</field>
			<field type="text" name="ccmail" translate="0">CC</field>
			<field type="text" name="bccmail" translate="0">BCC</field>
			<field type="int" name="html" translate="0">Format</field>
			<field type="int" name="seccode" translate="0">Captcha</field>
			<field type="int" name="emailfield" translate="0">Email Field</field>
			<field type="int" name="allowatt" translate="0">Allow Attachments</field>
			<field type="textarea" name="allowattfiles" translate="0">Allowed Attach Files</field>
			<field type="text" name="allowattfilesize" translate="0">Allowed Attach File Size</field>
			<field type="int" name="published" translate="0">Published</field>
			<field type="text" name="publish_up" translate="0">Publish Up</field>
			<field type="created_date" name="created" translate="0">Created</field>
			<field type="text" name="created_by" translate="0">Created By</field>
			<field type="checked_out_by" name="checked_out" translate="0">Checked Out</field>
			<field type="checked_out_date" name="checked_out_time" translate="0">Checked Out Time</field>
			<field type="int" name="access" translate="0">Access</field>
			<field type="int" name="ordering" translate="0">Ordering</field>
			<field type="text" name="publish_down" translate="0">Publish Down</field>
			<field type="modified_date" name="modified" translate="0">Modified</field>
			<field type="text" name="modified_by" translate="0">Modified By</field>
			<field type="text" name="author" translate="0">Author</field>
			<field type="text" name="modifier" translate="0">Modifier</field>
			<field type="int" name="version" translate="0">Version</field>
			<field type="int" name="hits" translate="0">Hits</field>
			<field type="text" name="created_by_alias" translate="0">Created By Alias</field>
			<field type="text" name="afeditor" translate="0">Editor</field>
			<field type="textarea" name="attribs" translate="0">Params</field>
  	</table>
  </reference>
  <translationfilters>
  	  <author>created_by</author>
  	  <keyword>titel</keyword>
  	  <published>published</published>
  	  <changed>created|modified</changed>
  	  <id>id</id>
  </translationfilters> 
</joomfish>