<?xml version="1.0" encoding="utf-8"?>
<install type="module" version="1.5.0">
	<name>Pensamento do Dia</name>
	<author>Ribamar FS</author>
	<creationDate>21 de Janeiro de 2009</creationDate>
	<copyright>(C) 2005 Open Source Matters. All rights reserved.</copyright>
	<license>http://www.gnu.org/copyleft/gpl.html GNU/GPL</license>
	<authorEmail>ribafs@gmail.com</authorEmail>
	<authorUrl>http://ribafs.net</authorUrl>
	<version>1.0.0</version>
	<description>Este módulo exibe um pensamento aleatório de um arquivo texto.
		Foi adaptado do módulo vivi_code do Serra Antonio (tonio@vivigrosseto.it) - http://www.vivigrosseto.it/ 
	</description>
	<files>
		<filename module="mod_pensamentododia">mod_pensamentododia.php</filename>
		<filename pensamentos="mod_pensamentododia">mod_pensamentododia.txt</filename>
	</files>
	<params>
	<param name="moduleclass_sfx" type="text" default="" label="Suffix classe CSS module" description="CSS suffix for table.moduletable" />
	<param name="width" type="text" default="" label="width" description="width" />
	<param name="height" type="text" default="" label="height" description="height" />
	</params>
</install>
