<?xml version="1.0"  encoding="utf-8" ?>
<install version="1.5.0" type="component">
	<name>eWeather</name>
	<creationDate>November 2009</creationDate>
	<author>Harald Baer, Mart Dirks, and Bob Lavey</author>
	<copyright>
		2000 - 2006 MamboBaer.de (Harald Baer),
		2007 Mart Dirks,
		2009 Bob Lavey
	</copyright>
	<authorEmail>bob.lavey@robertjlavey.com</authorEmail>
	<authorUrl>www.robertjlavey.com</authorUrl>
	<version>1.3.21</version>
	<description>eWeather is a weather component for Joomla 1.5.x</description>
	<installfile>install.eweather.php</installfile>
	<install>
		<sql folder="admin">
			<file driver="mysql" charset="utf8">install.eweather.sql</file>
		</sql>
	</install>
	<uninstall>
		<sql>
			<file driver="mysql" charset="utf8">uninstall.eweather.sql</file>
		</sql>
	</uninstall>
	<media folder="admin/assets/images" destination="com_eweather/images">
	  <filename>eWeather_logo.png</filename>
	  <filename>mn_img/eweather.png</filename>
	  <filename>mn_img/info.png</filename>
	  <filename>mn_img/location.png</filename>
	  <filename>mn_img/settings.png</filename>
	</media>
	<administration>
		<menu  img="../media/com_eweather/images/mn_img/eweather.png">eWeather</menu>
		<submenu>
			<menu task="allLocations" img="../media/com_eweather/images/mn_img/location.png">Locations</menu>
			<menu task="showConfig" img="../media/com_eweather/images/mn_img/settings.png">Configuration</menu>
			<menu task="about" img="../media/com_eweather/images/mn_img/info.png">Info</menu>
		</submenu>
		<files folder="admin">
			<folder>assets</folder>
			<folder>elements</folder>
			<folder>language</folder>
			<folder>locationData</folder>
			<filename>admin.eweather.php</filename>
			<filename>admin.eweather.html.php</filename>
			<filename>toolbar.eweather.php</filename>
			<filename>toolbar.eweather.html.php</filename>
			<filename>install.eweather.php</filename>
			<filename>install.eweather.sql</filename>
			<filename>uninstall.eweather.sql</filename>
			<filename>WeatherConfiguration.php</filename>
			<filename>WeatherConfiguration.xml</filename>
			<filename>AdminWeatherConfiguration.php</filename>
		</files>
		<languages folder="admin/language">
			<language tag="ar-SA">ar-SA.com_eweather.ini</language> 
			<language tag="bg-BG">bg-BG.com_eweather.ini</language> 
			<language tag="da-DK">da-DK.com_eweather.ini</language> 
			<language tag="de-DE">de-DE.com_eweather.ini</language> 
			<language tag="el-GR">el-GR.com_eweather.ini</language> 
			<language tag="en-GB">en-GB.com_eweather.ini</language> 
			<language tag="es-ES">es-ES.com_eweather.ini</language> 
			<language tag="fr-FR">fr-FR.com_eweather.ini</language> 
			<language tag="he-IL">he-IL.com_eweather.ini</language> 
			<language tag="hr-HR">hr-HR.com_eweather.ini</language> 
			<language tag="it-IT">it-IT.com_eweather.ini</language> 
			<language tag="lt-LT">lt-LT.com_eweather.ini</language> 
			<language tag="nl-NL">nl-NL.com_eweather.ini</language> 
			<language tag="pl-PL">pl-PL.com_eweather.ini</language> 
			<language tag="pt-BR">pt-BR.com_eweather.ini</language> 
			<language tag="pt-PT">pt-PT.com_eweather.ini</language> 
			<language tag="ro-RO">ro-RO.com_eweather.ini</language> 
			<language tag="sl-SI">sl-SI.com_eweather.ini</language> 
			<language tag="sv-SE">sv-SE.com_eweather.ini</language> 
		</languages>
	</administration>
	<files folder="site">
		<folder>css</folder>
		<folder>images</folder>
		<folder>language</folder>
		<filename>eweather.info.html</filename>
		<filename>eweather.php</filename>
		<filename>eweather.html.php</filename>
		<filename>eweather.main.php</filename>
		<filename>router.php</filename>
	</files>
	<languages folder="site/language">
		<language tag="ar-SA">ar-SA.com_eweather.ini</language> 
		<language tag="bs-BA">bs-BA.com_eweather.ini</language> 
		<language tag="da-DK">da-DK.com_eweather.ini</language> 
		<language tag="de-DE">de-DE.com_eweather.ini</language> 
		<language tag="el-GR">el-GR.com_eweather.ini</language> 
		<language tag="en-GB">en-GB.com_eweather.ini</language> 
		<language tag="es-ES">es-ES.com_eweather.ini</language> 
		<language tag="fi-FI">fi-FI.com_eweather.ini</language> 
		<language tag="fr-FR">fr-FR.com_eweather.ini</language> 
		<language tag="he-IL">he-IL.com_eweather.ini</language> 
		<language tag="hr-HR">hr-HR.com_eweather.ini</language> 
		<language tag="it-IT">it-IT.com_eweather.ini</language> 
		<language tag="lt-LT">lt-LT.com_eweather.ini</language> 
		<language tag="nl-NL">nl-NL.com_eweather.ini</language> 
		<language tag="pl-PL">pl-PL.com_eweather.ini</language> 
		<language tag="pt-BR">pt-BR.com_eweather.ini</language> 
		<language tag="pt-PT">pt-PT.com_eweather.ini</language> 
		<language tag="ro-RO">ro-RO.com_eweather.ini</language> 
		<language tag="ru-RU">ru-RU.com_eweather.ini</language> 
		<language tag="sk-SK">sk-SK.com_eweather.ini</language> 
		<language tag="sl-SI">sl-SI.com_eweather.ini</language> 
		<language tag="sv-SE">sv-SE.com_eweather.ini</language> 
	</languages>
</install>