<?xml version="1.0" encoding="UTF-8"?>
<extension type="file" version="2.5" method="upgrade">
   <name>Pacote de Alterações JoomlaClube</name>
   <version>2.5.1.1</version>
   <creationDate>2012-02-06</creationDate>
   <author>JoomlaClube do Brasil</author>
   <authorEmail>site@joomlaclube</authorEmail>
   <authorUrl>www.joomlapt.com</authorUrl>
   <license>http://www.gnu.org/licenses/gpl-2.0.html GNU/GPL</license>
   <copyright>(C) 2011 - 2012 Comunidade JoomlaClube do Brasil</copyright>
   <description><![CDATA[
      <h2>Pacote JoomlaclubeInstalado com Sucesso!</h2>
      <p>Obrigado por escolher a JoomlaClube     </p>
      <p></p>
           ]]>
   </description>
   <!-- Fileset definition -->
   <fileset>
      <files target="administrator/templates">
         <filename>bluestork/index.php</filename>
		 <filename>bluestork/cpanel.php</filename>
		 <filename>bluestork/login.php</filename>
		 <filename>bluestork/jcb_logo1.png</filename>
		 <filename>bluestork/images/logo.png</filename>
		 <filename>bluestork/images/j_login_lock.png</filename>
      </files>
   </fileset>
   <updateservers>
        <server type="collection" priority="1" name="pt-BR Language Updates">http://joomlaclube.com.br/update/jcball.xml</server>
    </updateservers>
</extension>
