<?xml version="1.0" encoding="utf-8"?>
<!-- $Id: login.xml 12370 2009-06-26 18:09:15Z erdsiger $ -->

<install type="component" version="1.6.0">
	<name>Login</name>
	<author>Joomla! Project</author>
	<copyright>(C) 2005 - 2009 Open Source Matters. All rights reserved.</copyright>
	<license>GNU General Public License version 2 or later; see LICENSE.txt</license>
	<authorEmail>admin@joomla.org</authorEmail>
	<authorUrl>www.joomla.org</authorUrl>
	<version>1.6.0</version>
	<description>Login Component</description>
</install>
