<?xml version="1.0" encoding="utf-8"?>
<!DOCTYPE install SYSTEM "http://dev.joomla.org/xml/1.5/component-install.dtd">
<install type="component" version="1.5.0" method="upgrade">
	<name>Kunena</name>
	<version>1.5.8</version>
	<versionname>Whisper</versionname>
	<creationDate>2009-12-18</creationDate>
	<build>1863</build>
	<author>www.Kunena.com</author>
	<authorEmail>Kunena@Kunena.com</authorEmail>
	<authorUrl>http://www.Kunena.com</authorUrl>
	<copyright>www.Kunena.com</copyright>
	<license>GNU/GPL</license>
	<description>Kunena Forum</description>
	<files>
		<filename>CHANGELOG.php</filename>
		<filename>COPYRIGHT.php</filename>
		<filename>class.kunena.php</filename>
		<filename>index.php</filename>
		<filename>kunena.php</filename>
		<filename>router.php</filename>
		<filename>jomsocial_rule.xml</filename>
		<folder>lib</folder>
		<folder>template</folder>
		<folder>kunena.files.distribution</folder>
	</files>
	<installfile>install/kunena.install.php</installfile>
	<uninstallfile>install/kunena.uninstall.php</uninstallfile>
	<administration>
        <files>
			<filename>admin.kunena.html.php</filename>
			<filename>admin.kunena.php</filename>
			<filename>kunena.cpanel.php</filename>
			<filename>manifest.xml</filename>
			<filename>toolbar.kunena.html.php</filename>
			<filename>toolbar.kunena.php</filename>    
			<folder>images</folder>
			<folder>install</folder>
			<folder>language</folder>
			<folder>lib</folder>
			<folder>plugin</folder>
        </files>
    <menu>Kunena Forum</menu>
	</administration>
	<params />
</install>
