<?xml version="1.0" encoding="utf-8"?>
<!DOCTYPE install SYSTEM "http://dev.joomla.org/xml/1.5/module-install.dtd">
<install type="module" version="1.5.0">
  <name>Rastreamento Correios</name>
  <author>Fernando Soares</author>
  <creationDate>Setembro/2008</creationDate>
  <copyright>(C) 2008 Fernando Soares</copyright>
  <license>http://www.gnu.org/copyleft/gpl.html GNU/GPL</license>
  <authorEmail>fsoares@fsoares.com.br</authorEmail>
  <authorUrl>www.fernandosoares.com.br</authorUrl>
  <version>2.5</version>
  <description>Este módulo exibe uma pequena caixa para você entrar com o número do sedex ou encomenda a ser rastreado.</description>
  <files>
     <filename module="mod_sedex_tracker">mod_sedex_tracker.php</filename>
     <filename>sedex_tracker/correios.gif</filename>
  </files>
  <params>
     <param name="moduleclass_sfx" type="text" default="" label="Module Class Suffix" description="Um sufixo a ser aplicado à classe css do módulo (table.moduletable), isto permite estilos individuais para o módule">
     </param>
  </params>
</install>