﻿<?xml version="1.0" encoding="utf-8"?>
<!DOCTYPE install SYSTEM "http://dev.joomla.org/xml/1.5/component-install.dtd">
<install type="module" version="1.5.0">
	<name>CB Superthumb for J1.5</name>
	<author>Joe Cox</author>
	<creationDate>02/07/2009</creationDate>
	<license>http://www.gnu.org/copyleft/gpl.html GNU/GPL</license>
	<authorEmail>reverendspam1@gmail.com</authorEmail>
	<version>1.5.0</version>
	<description>Este módulo foi adaptado para trabalhar com Joomla 1.5. Ele mostra as fotos em miniatura dos usuários de acordo com sua preferencia. Você pode optar por ONLINE, AMIGOS, ULTIMOS CADASTRADOS e etc.</description>
	<files>
		<filename module="mod_cb_superthumb">mod_cb_superthumb.php</filename>
		<filename module="mod_cb_superthumb">cb_superthumb/superthumbstyle.css</filename>
		<filename module="mod_cb_superthumb">cb_superthumb/add.png</filename>
		<filename module="mod_cb_superthumb">cb_superthumb/delete.png</filename>
		<filename module="mod_cb_superthumb">cb_superthumb/bgstrip.png</filename>
		<filename module="mod_cb_superthumb">cb_superthumb/logo.gif</filename>
	</files>

	<params>
		<param name="@space" type="" default="General Settings" label="" description=""></param>
        <param name="count" type="text" default="10" label="Quantidade de membros apresentados" description="Escolha quantos usuários vão ser mostrados no módulo"></param>
        <param name="width_thumbcb" type="text" default="60" label="Largura da foto" description="Thumbnail Width"></param>
		<param name="height_thumbcb" type="text" default="80" label="Altura da foto" description="Thumbnail Height"></param>
        <param name="iditemuse" type="radio" default="0" label="Usar um especifico ITEMID?" description="Escolha se você quer usar um Itemid especifico no link. Isto é muito funcional para quem trabalha com perfil fragmentado em módulos">
			<option value="1">Yes</option>
			<option value="0">No</option>
		</param>
         <param name="iditem" type="text" default="68" label="ItemId Especifico" description="Se você selecionou sim acima, escolha aqui o Itemid"></param>
        <param name="modulename" type="list" default="2" label="Tipo de Apresentaçao" description="Selecione o que você quer mostrar">
			<option value="1">Ultimos recados</option>
			<option value="2">Aleatorios</option>
			<option value="10">Ultimos Cadastrados</option>
			<option value="4">Ultimos Logins</option>
			<option value="5">Mais Vistos</option>
			<option value="6">Atualizaçao Recente</option>
			<option value="9">Usuarios OnLine</option>
			<option value="8">Amigos</option>
			<option value="7">Ultimos envios RS Gallery 2</option>
			<option value="3">Ultimos envios Pony Gallery</option>
		</param>
	 <param name="shownotavatar" type="radio" default="0" label="Ver usuários sem foto?" description="Selecione se você quer mostrar usuários sem foto ou apenas com foto!">
			<option value="1">Sim (mostrar usuarios sem foto tambem)</option>
			<option value="0">Não (não mostrar usuarios sem foto)</option>
		</param>
        	<param name="shownamedetails" type="radio" default="1" label="Mostrar nome/username?" description="Selecione se você quer mostar o nome do usuário ?">
			<option value="1">Yes</option>
			<option value="0">No</option>
		</param>
        	<param name="viewname" type="radio" default="0" label="Username ou Nome Real" description="Selecione se você quer mostrar o nome verdadeiro ou Nick abaixo da foto...">
			<option value="1">Nome Real</option>
			<option value="0">Username</option>
		</param>
<param name="showimagenot" type="radio" default="0" label="Usuários com foto pendente?" description="Você quer mostrar usuários com fotos ainda não aprovadas?">
			<option value="1">Mostrar usuarios</option>
			<option value="0">Não mostrar usuarios</option>
		</param>
		<param name="viewgroup" type="radio" default="0" label="Mostrar grupo do usuário?" description="Please choose if you want to show up the user group...">
			<option value="1">Yes</option>
			<option value="0">No</option>
		</param>
        <param name="imagelinked" type="radio" default="0" label="Foto com link para o perfil?" description="Select if you want the avatar of the user to be linked to him profile">
			<option value="1">Yes</option>
			<option value="0">No</option>
		</param>
           <param name="userlinked" type="radio" default="0" label="Link no nome para o perfil?" description="Select if you want the username or the real name of the user to be linked to him profile">
			<option value="1">Yes</option>
			<option value="0">No</option>
		</param>
		
		


        <param name="@space" type="" default="ToolBar Settings" label="" description=""></param>
        <param name="toolbar" type="radio" default="0" label="Usar Toolbar?" description="Select if you want to use the toolbar. Whats that? A set of icons to guide your users Adding as Friend, Sending Pm's...">
			<option value="1">Yes</option>
			<option value="0">No</option>
		</param>
        <param name="width" type="text" default="15" label="Largura" description="Largura do toolbal!"></param>
        <param name="height" type="text" default="15" label="Height" description="Altura do toolbar! "></param>
         <param name="sendpm" type="radio" default="0" label="Mostrar icone para MP?" description="Selecione se voc6e quer mostrar o icone com link para mensagens privadas">
			<option value="1">Yes </option>
			<option value="0">No</option>
		</param>
		<param name="pmssystem" type="list" default="jim" label="Escolha o Sistema" description="Selecione qual sistema de mensagens você usa">
			<option value="mesjim">JIM</option>
			<option value="uddeim">UDDEIM</option>
			<option value="pms">com_pms</option>
		</param>
         <param name="sendmail" type="radio" default="0" label="Mostrar icone para email?" description="Selecione se você quer mostrar o icone com link para envio de emails">
			<option value="1">Yes </option>
			<option value="0">No</option>
		</param>
		<param name="conects" type="radio" default="0" label="Mostrar icone GERENCIAR AMIGOS?" description="Selecione se você quer mostrar o icone com link para Gerenciar os Amigos. Apenas para usuarios logados">
			<option value="1">Yes </option>
			<option value="0">No</option>
		</param>
         	<param name="profilelink" type="radio" default="0" label="Mostrar icone para o perfil?" description="Select if you want to use the see profile link. Whats that? A link that will guide viewers to see the user profile">
			<option value="1">Yes </option>
			<option value="0">No</option>
		</param>
			<param name="grouplink" type="radio" default="0" label="Mostrar icone para o grupo?" description="Select if you want to use the group link. Whats that? A link that will guide visitors to see the user group...">
			<option value="1">Yes </option>
			<option value="0">No</option>
		</param>
		
			<param name="moduleclass_sfx" type="text" default="" label="Sufixo do modulo" description="Aplique aqui um sufixo suportado por sua template" />
	</params>
</install>
