<?xml version="1.0" encoding="utf-8"?>
<!DOCTYPE install SYSTEM "http://dev.joomla.org/xml/1.5/component-install.dtd">
<install type="component" version="1.5.0">
	<name>RokBridge</name>
	<!-- The following elements are optional and free of formatting constraints -->
	<creationDate>September 24, 2009</creationDate>
	<author>RocketTheme, LLC</author>
	<authorEmail>support@rocketwerx.com</authorEmail>
	<authorUrl>http://rocketwerx.com</authorUrl>
	<copyright>(C) 2005 - 2008 RocketTheme, LLC. All rights reserved.</copyright>
	<license>http://www.gnu.org/copyleft/gpl.html GNU/GPL</license>
	<!--  The version string is recorded in the components table -->
	<version>1.0rc12</version>
	<!-- The description is optional and defaults to the name -->
	<description>
		RokBridge Administrator Component
	</description>

	<!-- Install Database Section -->
	<install />
	<!-- Uninstall Database Section -->
	<uninstall />
	
	<files folder="site/components/com_rokbridge">
		<filename>index.html</filename>
		<filename>rokbridge.php</filename>
	</files>

	<administration>
		<!-- Administration Menu Section -->
		<menu img="components/com_rokbridge/images/rokbridge.png">RokBridge</menu>

		<!-- Administration Main File Copy Section -->
		<!-- Note the folder attribute: This attribute describes the folder
			to copy FROM in the package to install therefore files copied
			in this section are copied from /admin/ in the package -->
		<files folder="administrator/components/com_rokbridge">
			<filename>admin.rokbridge.html.php</filename>
			<filename>admin.rokbridge.php</filename>
			<filename>config.xml</filename>
			<filename>index.html</filename>
			<filename>helper.php</filename>
			<folder>assets</folder>
			<folder>forum</folder>
			<folder>images</folder>
			<folder>install</folder>
			<folder>phpbb</folder>
		</files>

		<!-- Administration Language File Copy Section -->
		<languages folder="administrator/language/en-GB">
			<language tag="en-GB">en-GB.com_rokbridge.ini</language>
		</languages>

	</administration>
	
	<installfile>install/install.rokbridge.php</installfile>
	<uninstallfile>install/uninstall.rokbridge.php</uninstallfile>
	
	<phpbb3_user>
		<files folder="plugins/user">
			<file plugin="phpbb3_user">phpbb3_user.php</file>
			<file>phpbb3_user.xml</file>
		</files>
	</phpbb3_user>
	
	<phpbb3_auth>
		<files folder="plugins/authentication">
			<file plugin="phpbb3_auth">phpbb3_auth.php</file>
			<file>phpbb3_auth.xml</file>
		</files>
	</phpbb3_auth>
</install>