<?xml version="1.0" encoding="utf-8"?>
<!-- $Id: admin.xml 12433 2009-07-04 06:51:26Z eddieajau $ -->
<extension type="component" version="1.6">
	<name>Admin</name>
    <author>Joomla! Project</author>
    <copyright>(C) 2005 - 2009 Open Source Matters. All rights reserved.</copyright>
    <license>GNU General Public License version 2 or later; see LICENSE.txt</license>
    <authorEmail>admin@joomla.org</authorEmail>
    <authorUrl>www.joomla.org</authorUrl>
    <version>1.6.0</version>
    <description>Admin Component</description>
	<administrator />
</extension>
