<?xml version="1.0" encoding="utf-8"?>
<install type="module" version="1.5.0">
<name>Blogo Translator</name>
<creationDate>13 January 2009</creationDate>
<author>Geraeldo</author>
<copyright>http://www.gnu.org/copyleft/gpl.html GNU/GPL</copyright>
<authorEmail>eldo_keren@yahoo.com</authorEmail>
<authorUrl>http://theblogosfer.com</authorUrl>
<version>1.5</version>
<description>Blogo Translator Module</description>
<files>
<filename module="mod_blogo_translator">mod_blogo_translator.php</filename>
</files>
</install>
