<?xml version="1.0" ?>
<mosinstall type="module">
    <name>DigiClock</name>
    <creationDate>29/Agosto/2006</creationDate>
    <author>M4T5UI</author>
    <copyright>WebEmpire</copyright>
    <authorEmail>iustam@hotmail.com</authorEmail>
    <authorUrl>http://matsui.atualizado.com.br</authorUrl>
    <version>1.1</version>
    <description>DigiClock | Modulo</description>
     <files>
         <filename module="mod_DigiClock">mod_DigiClock.php</filename>
	 <filename>mod_DigiClock/mod_DigiClock.swf</filename>
         <filename>mod_DigiClock/DigiClock.jpg</filename>
  </files>
    <params name="" description="">
      <param name="width" type="text" default="150" label="width" description="The width of DigiClock (Default 150)" />
	  <param name="height" type="text" default="70" label="height" description="The height of DigiClock (Default 70)" />
	</params>
</mosinstall>
