<?xml version="1.0" encoding="utf-8"?>
<install type="module" version="1.5.0">
	<name>Vivi_Code Module</name>
	<author>Logomatica - Adapt Ribamar FS</author>
	<creationDate>Janeiro 2009</creationDate>
	<copyright>(C) 2005 Open Source Matters. All rights reserved.</copyright>
	<license>http://www.gnu.org/copyleft/gpl.html GNU/GPL</license>
	<authorEmail>tonio@vivigrosseto.it</authorEmail>
	<authorUrl>http://www.vivigrosseto.it</authorUrl>
	<version>1.0.0</version>
	<description>In this module you can insert a lot of kink of code like a google adsense code</description>
	<files>
		<filename module="mod_vivi_code">mod_vivi_code.php</filename>
	</files>
	<params>
	<param name="moduleclass_sfx" type="text" default="" label="Suffisso classe CSS modulo" description="CSS suffix for table.moduletable" />
	<param name="code" type="textarea" cols="40" rows="10" default="" label="code" description="insert a code" />
	<param name="width" type="text" default="" label="width" description="width" />
	<param name="height" type="text" default="" label="height" description="height" />
	</params>
</install>
