<?xml version="1.0" encoding="utf-8"?>
<install type="module" version="1.5.0">
        <name>News Pro GK1</name>
        <creationDate>28/02/2010</creationDate>
        <author>Gavick.com</author>
        <copyright>(C) 2009-2010 Gavick.com</copyright>
        <license>http://www.gnu.org/copyleft/gpl.html GNU/GPL</license>
        <authorEmail>info@gavick.com</authorEmail>
        <authorUrl>www.gavick.com</authorUrl>
        <version>1.3.1</version>
        <description>NEWS_PRO_INSTALLED_CORRECTLY</description>
        <files>
                <filename module="mod_news_pro_gk1">mod_news_pro_gk1.php</filename>
                <filename module="mod_news_pro_gk1">helper.php</filename>
                <filename module="mod_news_pro_gk1">index.html</filename>
				<folder>cache/</folder>	
				<folder>gk_classes/</folder>	            
				<folder>tmpl/</folder>
				<folder>images/</folder>
				<folder>scripts/</folder>
				<folder>style/</folder>
        </files>
        
        <languages>
   			<language tag="en-GB">language/en-GB.mod_news_pro_gk1.ini</language>
			<language tag="pt-BR">language/pt-BR.mod_news_pro_gk1.ini</language>
		</languages>

        <params>
        
            <param type="spacer" />
            
                <param name="moduleclass_sfx" type="text" default="" label="MODCLASSSUFFIX" description="MODCLASSSUFFIX_DESC" />
                
                <param name="module_unique_id" type="text" default="newspro1" label="MODID" description="MODID_DESC" />
                
                <param name="width_module" type="text" default="300" size="5" label="WIDTH_MODULE" description="WIDTH_MODULE_DESC"/>
           
           		<param name="width_links" type="text" default="400" size="5" label="WIDTH_LINKS" description="WIDTH_LINKS_DESC"/>
           
        		<param name="td_padding" type="text" default="0" size="5" label="PADDING" description="PADDING_DESC"/>
           
		    <param type="spacer" />
				            
                <param name="section" type="section" default="" label="SECTION" description="SECTION_DESC" />
                
                <param name="category" type="category" default="" label="CATEGORY" description="CATEGORY_DESC" />
                
                <param name="sections" type="text" default="" label="SECTIONS" description="SECTIONS_DESC"/>
                
                <param name="categories" type="text" default="" label="CATEGORIES" description="CATEGORIES_DESC"/>
                
                <param name="ids" type="text" default="" label="IDS" description="IDS_DESC"/>
                
                <param name="mode" type="list" default="standard" label="MODE" description="MODE_DESC">
                        <option value="standard">STANDARD_MODE</option>
                        <option value="category">CATEGORY_MODE</option>
                </param>
                
           <param type="spacer" />
           
                <param name="news_full_pages" type="text" default="3" size="5" label="NEWS_FULL_PAGES_AMOUNT" description="NEWS_FULL_PAGES_AMOUNT_DESC"/>
                
                <param name="news_short_pages" type="text" default="3" size="5" label="NEWS_SHORT_PAGES_AMOUNT" description="NEWS_SHORT_PAGES_AMOUNT_DESC"/>
                
           		<param name="news_column" type="text" default="1" size="5" label="COLUMNS" description="COLUMNS_DESC"/>
                
                <param name="news_rows" type="text" default="1" size="5" label="ROWS" description="ROWS_DESC"/>
                
                <param name="links_amount" type="text" default="6" size="5" label="LINKSAMOUNT" description="LINKSAMOUNT_DESC"/>
                
				<param name="news_sort_value" type="list" default="created" label="NEWS_SORT_VALUE" description="NEWS_SORT_VALUE_DESC">
                        <option value="created">DATE</option>
                        <option value="title">TITLE</option>
						<option value="ordering">ORDER</option>
                        <option value="fordering">FRONTPAGE_ORDER</option>
                        <option value="random">RANDOM</option>
                        <option value="hits">HITS</option>
                </param>
                
                <param name="news_sort_order" type="list" default="DESC" label="NEWS_SORT_ORDER" description="NEWS_SORT_ORDER_DESC">
                        <option value="ASC">ASC</option>
                        <option value="DESC">DESC</option>
                </param>
                
                <param name="news_frontpage" type="radio" default="1" label="FRONTPAGE" description="FRONTPAGE_DESC">
                        <option value="0">DISABLED</option>
                        <option value="1">ENABLED</option>
                </param>
              
			  	<param name="unauthorized" type="radio" default="0" label="UNAUTH" description="UNAUTH_DESC">
                		<option value="0">DISABLED</option>
                        <option value="1">ENABLED</option>
                </param>
                
                <param name="only_frontpage" type="radio" default="0" label="ONLYFRONTPAGE" description="ONLYFRONTPAGE_DESC">
                		<option value="0">DISABLED</option>
                        <option value="1">ENABLED</option>
                </param>
                
                <param name="startposition" type="text" default="0" size="5" label="FIRST_NEWS" description="FIRST_NEWS_DESC"/>
			    
            <param type="spacer" />
            
                <param name="show_list" type="radio" default="1" label="REST_NEWS" description="REST_NEWS_DESC">
                        <option value="0">DISABLED</option>
                        <option value="1">ENABLED</option>
                </param>
                
                <param name="list_position" type="radio" default="bottom" label="LIST_POSITION" description="LIST_POSITION_DESC">
                        <option value="bottom">BOTTOM</option>
                        <option value="left">LEFT</option>
                        <option value="right">RIGHT</option>
                </param>
                
   				<param name="interface_style" type="list" default="1" label="INTERFACE_STYLE" description="">
                        <option value="0">NONE</option>
                        <option value="1">BOTH</option>
                        <option value="2">ONLY_ARROWS</option>
                        <option value="3">ONLY_PAGINATION</option>
                </param>
                
        	<param type="spacer" />
        	
        		<param name="show_category" type="radio" default="1" label="SHOW_CATEGORY" description="SHOW_CATEGORY_DESC">
                        <option value="0">DISABLED</option>
                        <option value="1">ENABLED</option>
                </param>
        	
                <param name="news_readmore_text" type="text" default="Read more" size="20" label="READMORE" description="READMORE_DESC"/>
                
                <param name="news_header_link" type="radio" default="1" label="HEAD_LINK" description="">
                        <option value="0">DISABLED</option>
                        <option value="1">ENABLED</option>
                </param>
                
                <param name="news_image_link" type="radio" default="1" label="IMAGE_LINK" description="">
                        <option value="0">DISABLED</option>
                        <option value="1">ENABLED</option>
                </param>
                
                <param name="news_text_link" type="radio" default="0" label="TEXT_LINK" description="">
                        <option value="0">DISABLED</option>
                        <option value="1">ENABLED</option>
                </param>
                
                <param name="news_author" type="radio" default="1" label="AUTHOR" description="">
                        <option value="0">DISABLED</option>
                        <option value="1">ENABLED</option>
                </param>
                
                <param name="news_cats" type="radio" default="1" label="NEWS_CATEGORIES" description="">
                        <option value="0">DISABLED</option>
                        <option value="1">ENABLED</option>
                </param>
                
                <param name="news_comments" type="radio" default="1" label="NEWS_COMMENTS" description="">
                        <option value="0">DISABLED</option>
                        <option value="1">ENABLED</option>
                </param>
                
                <param name="news_date" type="radio" default="1" label="NEWS_DATE" description="">
                        <option value="0">DISABLED</option>
                        <option value="1">ENABLED</option>
                </param>
                
                 <param name="news_hits" type="radio" default="1" label="NEWS_HITS" description="">
                        <option value="0">DISABLED</option>
                        <option value="1">ENABLED</option>
                </param>
                
                <param name="news_more_in" type="radio" default="1" label="MOREIN" description="">
                        <option value="0">DISABLED</option>
                        <option value="1">ENABLED</option>
                </param>
                
   				<param name="date_format" type="text" default="D, d M Y" size="10" label="DATE_FORMAT" description="DATE_FORMAT_DESC"/>   
				
				<param name="date_publish" type="list" default="0" label="DATEPUBLISH" description="DATEPUBLISH_DESC">
                        <option value="0">DATE_CREATE</option>
                        <option value="1">DATE_PUBLISH</option>
                </param> 
				   
				<param name="username" type="list" default="0" label="AUTHORNAME" description="">
                        <option value="0">NAME</option>
                        <option value="1">USERNAME</option>
                        <option value="2">ALIAS</option>
                </param>  
               
			<param type="spacer" />   
			
				<param name="news_content_header_pos" type="list" default="1" label="HEAD_POS" description="">
                        <option value="0">DISABLED</option>
                        <option value="1">LEFT</option>
                        <option value="2">RIGHT</option>
                        <option value="3">CENTER</option>
                </param>
                
                <param name="news_content_image_pos" type="list" default="1" label="IMAGE_POS" description="">
                        <option value="0">DISABLED</option>
                        <option value="1">LEFT</option>
                        <option value="2">RIGHT</option>
                        <option value="3">CENTER</option>
                </param>
                
                <param name="news_content_text_pos" type="list" default="1" label="TEXT_POS" description="">
                        <option value="0">DISABLED</option>
                        <option value="1">LEFT</option>
                        <option value="2">RIGHT</option>
                        <option value="3">CENTER</option>
                        <option value="4">JUSTIFY</option>
                </param>
                
                <param name="news_content_info_pos" type="list" default="1" label="INFO_POS" description="">
                        <option value="0">DISABLED</option>
                        <option value="1">LEFT</option>
                        <option value="2">RIGHT</option>
                        <option value="3">CENTER</option>
                </param>
                
                <param name="news_content_readmore_pos" type="list" default="2" label="MORE_POS" description="">
                        <option value="0">DISABLED</option>
                        <option value="1">LEFT</option>
                        <option value="2">RIGHT</option>
                        <option value="3">CENTER</option>
                        <option value="4">AFTER</option>
                </param>
			
			<param type="spacer" />
			    
                <param name="news_header_order" type="radio" default="1" label="HEAD_ORDER" description="">
                        <option value="1">1</option>
                        <option value="2">2</option>
                        <option value="3">3</option>
                        <option value="4">4</option>
                </param>
                
                <param name="news_image_order" type="radio" default="2" label="IMAGE_ORDER" description="">
                        <option value="1">1</option>
                        <option value="2">2</option>
                        <option value="3">3</option>
                        <option value="4">4</option>
                </param>
                
                <param name="news_text_order" type="radio" default="3" label="TEXT_ORDER" description="">
                        <option value="1">1</option>
                        <option value="2">2</option>
                        <option value="3">3</option>
                        <option value="4">4</option>
                </param>
                
                <param name="news_info_order" type="radio" default="4" label="INFO_ORDER" description="">
                        <option value="1">1</option>
                        <option value="2">2</option>
                        <option value="3">3</option>
                        <option value="4">4</option>
                </param>
                
            <param type="spacer" />    
                
                <param name="head_nofollow" type="radio" default="0" label="HEAD_NOFOLLOW" description="">
                        <option value="0">DISABLED</option>
                        <option value="1">ENABLED</option>
                </param>

                <param name="image_nofollow" type="radio" default="0" label="IMAGE_NOFOLLOW" description="">
                        <option value="0">DISABLED</option>
                        <option value="1">ENABLED</option>
                </param>
                
                <param name="text_nofollow" type="radio" default="0" label="TEXT_NOFOLLOW" description="">
                        <option value="0">DISABLED</option>
                        <option value="1">ENABLED</option>
                </param>
                
                <param name="info_nofollow" type="radio" default="0" label="INFO_NOFOLLOW" description="">
                        <option value="0">DISABLED</option>
                        <option value="1">ENABLED</option>
                </param>

                <param name="list_nofollow" type="radio" default="0" label="LIST_NOFOLLOW" description="">
                        <option value="0">DISABLED</option>
                        <option value="1">ENABLED</option>
                </param>
                
                <param name="readmore_nofollow" type="radio" default="0" label="READMORE_NOFOLLOW" description="">
                        <option value="0">DISABLED</option>
                        <option value="1">ENABLED</option>
                </param>
                
                <param name="head_target" type="radio" default="0" label="HEAD_TARGET" description="">
                        <option value="0">_self</option>
                        <option value="1">_blank</option>
                </param>

                <param name="image_target" type="radio" default="0" label="IMAGE_TARGET" description="">
                        <option value="0">_self</option>
                        <option value="1">_blank</option>                
				</param>
                
                <param name="text_target" type="radio" default="0" label="TEXT_TARGET" description="">
                		<option value="0">_self</option>
                        <option value="1">_blank</option>
                </param>
				
                <param name="info_target" type="radio" default="0" label="INFO_TARGET" description="">
                        <option value="0">_self</option>
                        <option value="1">_blank</option>
                </param>				                

                <param name="list_target" type="radio" default="0" label="LIST_TARGET" description="">
                        <option value="0">_self</option>
                        <option value="1">_blank</option>
                </param>
                
                <param name="readmore_target" type="radio" default="0" label="READMORE_TARGET" description="">
                        <option value="0">_self</option>
                        <option value="1">_blank</option>
                </param>
            
			<param type="spacer" />
			    
                <param name="news_limit_type" type="list" default="0" label="LIMITTYPE" description="">
                        <option value="0">WORDS</option>
                        <option value="1">CHARS</option>
                </param>
                
                <param name="news_limit" type="text" default="30" size="5" label="MAX_AMOUNT" description=""/>
                
                <param name="title_limit" type="text" default="40" size="5" label="TITLE_MAX_AMOUNT" description=""/>
                
                <param name="list_title_limit" type="text" default="20" size="5" label="LIST_TITLE_MAX_AMOUNT" description=""/>
                
                <param name="list_text_limit" type="text" default="30" size="5" label="LIST_TEXT_MAX_AMOUNT" description=""/>
                
                <param name="show_list_desc" type="radio" default="1" label="SHOWLISTDESC" description="SHOWLISTDESC_DESC">
                        <option value="0">DISABLED</option>
                        <option value="1">ENABLED</option>
                </param>
                
            <param type="spacer" />    
                
                <param name="clean_xhtml" type="radio" default="1" label="CLEANXHTML" description="CLEANXHTML_DESC">
                        <option value="0">DISABLED</option>
                        <option value="1">ENABLED</option>
                </param>
                
                <param name="more_text_value" type="text" default="..." size="5" label="MORE_TEXT_VALUE" description="MORE_TEXT_VALUE_DESC"/>

        <param type="spacer" />
                
                <param name="plugin_support" type="radio" default="0" label="PLUGIN" description="PLUGIUN_DESC">
                        <option value="0">DISABLED</option>
                        <option value="1">ENABLED</option>
                </param>
                
                <param name="only_plugin" type="radio" default="0" label="PLUGIN_ONLY" description="PLUGIN_ONLY_DESC">
                        <option value="0">DISABLED</option>
                        <option value="1">ENABLED</option>
                </param>
                
                <param name="default_image" type="radio" default="0" label="DEFAULTIMAGE" description="DEFAULTIMAGE_DESC">
                        <option value="0">DISABLED</option>
                        <option value="1">ENABLED</option>
                </param>
                
                <param name="create_thumbs" type="radio" default="0" label="CREATE_THUMBS" description="CREATE_THUMBS_DESC">
                        <option value="0">DISABLED</option>
                        <option value="1">ENABLED</option>
                </param>
				
                <param name="img_width" type="text" default="0" size="5" label="IMAGE_W" description="IMAGE_W_DESC"/>
				
				<param name="img_height" type="text" default="0" size="5" label="IMAGE_H" description="IMAGE_H_DESC"/>
				
				<param name="img_margin" type="text" default="3px" size="5" label="IMAGE_M" description="IMAGE_M_DESC"/>
                
                <param name="img_bg" type="text" default="#000" size="5" label="IMAGE_BG" description="IMAGE_BG_DESC"/>   

				<param name="img_stretch" type="radio" default="0" label="IMAGE_STRETCH" description="IMAGE_STRETCH_DESC">
                        <option value="0">DISABLED</option>
                        <option value="1">ENABLED</option>
                </param>

				<param name="img_quality" type="text" default="95" size="5" label="IMAGE_QUALITY" description="IMAGE_QUALITY_DESC"/>   

				<param name="cache_time" type="text" default="30" size="5" label="CACHE_TIME" description="CACHE_TIME_DESC"/>   

        <param type="spacer" />
        
                <param name="autoanim" type="radio" default="0" label="AUTOANIM" description="AUTOANIM_DESC">
                        <option value="0">DISABLED</option>
                        <option value="1">ENABLED</option>
                </param>                
                
                <param name="hover_anim" type="radio" default="0" label="HOVERANIM" description="HOVERANIM_DESC">
                        <option value="0">DISABLED</option>
                        <option value="1">ENABLED</option>
                </param>  
                
                <param name="animation_speed" type="text" default="500" size="5" label="ANIMSPEED" description="ANIMSPEED_DESC"/>        
                
                <param name="animation_interval" type="text" default="5000" size="5" label="ANIMINTERVAL" description="ANIMINTERVAL_DESC"/>        
        
		</params>
        
        <params group="advanced">
        
            <param type="spacer" />
            
            	<param name="parse_plugins" type="list" default="0" label="PARSE" description="PARSE_DESC">
						<option value="1">ENABLED</option>
                        <option value="0">DISABLED</option>
                </param>    	
            
   				<param name="clean_plugins" type="list" default="0" label="CLEANPLUGINS" description="CLEANPLUGINS_DESC">
						<option value="1">ENABLED</option>
                        <option value="0">DISABLED</option>
                </param>    

   				<param name="useCSS" type="list" default="1" label="USECSS" description="USECSS_DESC">
						<option value="1">ENABLED</option>
                        <option value="0">DISABLED</option>
                </param> 
            
                <param name="useMoo" type="list" default="2" label="USEMOO" description="USEMOO_DESC">
                        <option value="2">AUTOMATIC</option>
						<option value="1">FORCEENABLED</option>
                        <option value="0">FORCEDISABLED</option>
                </param>
                
                <param name="useScript" type="list" default="2" label="USEJS" description="USEJS_DESC">
                        <option value="2">AUTOMATIC</option>
						<option value="1">FORCEENABLED</option>
                        <option value="0">FORCEDISABLED</option>
                </param>
                
                <param name="compress_js" type="list" default="1" label="COMPRESS" description="COMPRESS_DESC">
						<option value="1">ENABLED</option>
                        <option value="0">DISABLED</option>
                </param>
        </params>
</install>