<?xml version="1.0" encoding="utf-8"?>
<install type="acesef_ext" version="1.5.0">
	<name>User</name>
	<author>JoomAce LLC</author>
	<creationDate>August 2009</creationDate>
	<copyright>(C) 2009 JoomAce LLC</copyright>
	<license>Combined License, http://www.joomace.net/company/license</license>
	<authorEmail>info@joomace.net</authorEmail>
	<authorUrl>www.joomace.net</authorUrl>
	<version>1.2.2</version>
	<description>User extension for AceSEF.</description>
	<extension>com_user</extension>
	<files>
		<filename acesef_ext="com_user">com_user.php</filename>
		<filename acesef_ext="com_user">com_user.xml</filename>
	</files>
	<params group="sef">
		<param name="numeral_duplicated" type="list" default="global" label="Numeral duplicated URLs" description="If set to YES, a numeral suffix will be added to duplicated SEF URLs.">
 			<option value="global">Use Global</option>
 			<option value="yes">Yes</option>
 			<option value="no">No</option>
 		</param>
		<param name="record_duplicated" type="list" default="global" label="Record duplicated SEF" description="If set to Yes, all non-SEF URLs that yield the same SEF URL will be recorded. This will allow you to choose which one you prefer, assigning it as Used.">
 			<option value="global">Use Global</option>
 			<option value="yes">Yes</option>
 			<option value="no">No</option>
 		</param>
		<param name="limit_num" type="text" default="" label="Items per page" description="Ignore this field if you're not having problems with pagination because it's required only if the component doesn't use the $limit value in Real URLs." />
		<param name="override" type="radio" default="1" label="Override ItemID" description="You can override the menu item ID for all menu items of this component.">
		  <option value="1">No</option>
		  <option value="2">Yes</option>
		</param>
		<param name="override_id" type="text" default="" label="Menu ItemID" description="Menu item ID to use always for this component." />
		<param name="non_sef_vars" type="textarea" cols="30" rows="3" default="layout" label="non-SEF variables" description="Here you can specify custom non-SEF variables separated by comma and space like: var1, var2, var3" />
		<param name="disable_sef_vars" type="textarea" cols="30" rows="3" default="" label="disable-SEF variables" description="Here you can specify custom disable-SEF variables separated by comma and space like: var1, var2, var3" />
	</params>
	<params group="seo">
		<param name="enable_title" type="list" default="global" label="Enable auto title" description="Enable generating automatic meta title.">
			<option value="global">Use Global</option>
			<option value="yes">Yes</option>
			<option value="no">No</option>
		</param>
		<param type="spacer" default="&lt;hr/&gt;" />
		<param name="separator" type="text" size="1" default="-" label="Title separator" description="This is the character that separates your page titles from your site name." />
		<param name="custom_sitename" type="text" default="" label="Custom site name" description="Enter a custom site name to use for page title." />
		<param name="use_sitename" type="list" default="2" label="Include site name" description="Include site name in title." >
			<option value="1">Yes - before page title</option>
			<option value="2">Yes - after page title</option>
			<option value="3">No</option>
		</param>
		<param name="title_prefix" type="text" default="" label="Title Prefix" description="Prefix to add before page title"/>
		<param name="title_suffix" type="text" default="" label="Title Suffix" description="Suffix to add after page title"/>
	</params>
</install>