<?xml version="1.0"  encoding="utf-8" ?>
<config>
	<params addpath="/administrator/components/com_eweather/elements">
		<param name="version"
				type="text"
				default="1.3.21"
				size="50"
				label="eWeather version"
				description="eWeather component version." />
		<param name="partnerId"
				type="text"
				default=""
				size="50"
				label="Partner ID"
				description="You need a Partner ID provided by http://www.weather.com." />
		<param name="partnerKey"
				type="text"
				default=""
				size="50"
				label="Partner Key"
				description="You need a Key provided by http://www.weather.com." />
		<param name="locationCode"
				type="text"
				default=""
				size="50"
				label="Location code"
				description="Default location's code" />
		<param name="cacheTime"
				type="text"
				default="1800"
				size="50"
				label="Cache time"
				description="Time for caching the weather data. Minimum value is 1800 seconds (30 minutes)." />
		<param name="units"
				type="radio"
				default="m"
				label="Units"
				description="Definition of units for display (english or metric).">
				<option value="m">Metric</option>
				<option value="s">English</option>
		</param>
		<param name="showCurrentConditions"
				type="radio"
				default="1"
				label="Display current conditions"
				description="Display the current conditions in the component.">
				<option value="0">No</option>
				<option value="1">Yes</option>
		</param>
		<param name="showForecast"
				type="radio"
				default="1"
				label="Display forecast"
				description="Display the forecast in the component.">
				<option value="0">No</option>
				<option value="1">Yes</option>
		</param>
		<param name="iconStyle"
				type="Icon"
				default="default"
				label="Icon style"
				description="Select an icon style for display."/>
		<param name="forecastDays"
				type="list"
				default="5"
				label="Forecast days"
				description="Number of forecast days to display.">
				<option value="1">1</option>
				<option value="2">2</option>
				<option value="3">3</option>
				<option value="4">4</option>
				<option value="5">5</option>
		</param>
		<param name="forecastDaysPerRow"
				type="list"
				default="5"
				label="Forecast days per row"
				description="Number of forecast days to display in each row.">
				<option value="1">1</option>
				<option value="2">2</option>
				<option value="3">3</option>
				<option value="4">4</option>
				<option value="5">5</option>
		</param>
		<param name="headerPosition"
				type="radio"
				default="0"
				label="Header position"
				description="Position header above or below forecast.">
				<option value="0">Above</option>
				<option value="1">Below</option>
		</param>
		<param name="showFooter"
				type="radio"
				default="1"
				label="Show footer"
				description="Displays the footer in the component.">
				<option value="0">No</option>
				<option value="1">Yes</option>
		</param>
		<param name="timeFormat"
				type="text"
				default="%H:%M"
				size="50"
				label="Time format"
				description="Time format for display in weather forecast. Look for parameters in strftime function. US English recommendation: %I:%M %p" />
		<param name="dateFormatLong"
				type="text"
				default="%d.%m.%Y %H:%M"
				size="50"
				label="Date format (long)"
				description="Date format in a long format for headers. Look for parameters in strftime function. US English recommendation: %B %d, %Y, %I:%M %p" />
		<param name="dateFormatShort"
				type="text"
				default="%d. %b %y"
				size="50"
				label="Date format (short)"
				description="Date format in short format for display in overviews. Look for parameters in strftime function. US English recommendation: %a, %b %d" />
		<param name="dateFormatDetail"
				type="text"
				default="%A %d.%m.%Y"
				size="50"
				label="Date format (detail)"
				description="Date format for detailed forecast. Look for parameters in strftime function. US English recommendation: %A, %B %d, %Y" />
		<param name="useProxy"
				type="radio"
				default="0"
				label="Proxy"
				description="Use a proxy connection to weather.com?">
				<option value="0">No</option>
				<option value="1">Yes</option>
		</param>
		<param name="proxyHost"
				type="text"
				default=""
				size="50"
				label="Proxy host"
				description="Hostname or IP address for your proxy." />
		<param name="proxyPort"
				type="text"
				default=""
				size="50"
				label="Proxy port"
				description="Port for proxy connection." />
		<param name="useProxyAuth"
				type="radio"
				default="0"
				label="Proxy authentication"
				description="Is authenticate required to access the proxy server?">
				<option value="0">No</option>
				<option value="1">Yes</option>
		</param>
		<param name="proxyAuthUser"
				type="text"
				default=""
				size="50"
				label="Proxy user ID"
				description="The user ID for proxy server authentication." />
		<param name="proxyAuthPwd"
				type="text"
				default=""
				size="50"
				label="Proxy password"
				description="The password for proxy server authentication." />
	</params>
</config>