<?xml version="1.0" encoding="utf-8"?>
<form>
	<name>Category Edit Form</name>

	<params addpath="/administrator/components/com_flexicontent/elements">
		<param name="clayout" type="categorylayout" label="FLEXI_CHOOSE_SPECIFIC_CATEGORY_LAYOUT" description="FLEXI_CHOOSE_SPECIFIC_CATEGORY_LAYOUT_DESC" />
		<param name="@spacer" type="spacer" default="" label="" description="" />
		<param name="comments" type="list" default="" label="FLEXI_ENABLE_COMMENTS" description="FLEXI_ENABLE_COMMENTS_DESC">
			<option value="">Use Global</option>
			<option value="0">FLEXI_NO</option>
			<option value="1">FLEXI_JCOMMENTS</option>
			<option value="2">FLEXI_JOMCOMMENTS</option>
		</param>
		<param name="show_print_icon" type="list" default="" label="FLEXI_PRINT_ICON" description="FLEXI_PRINT_ICON_DESC">
			<option value="">Use Global</option>
			<option value="0">FLEXI_HIDE</option>
			<option value="1">FLEXI_SHOW</option>
		</param>
		<param name="show_email_icon" type="list" default="" label="FLEXI_EMAIL_ICON" description="FLEXI_EMAIL_ICON_DESC">
			<option value="">Use Global</option>
			<option value="0">FLEXI_Hide</option>
			<option value="1">FLEXI_Show</option>
		</param>
		<param name="language" type="languages" client="site" label="FLEXI_Content_language" description="FLEXI_PARAMCONTENTLANGUAGE" />
		<param name="@spacer" type="spacer" default="" label="" description="" />
		<param name="show_cat_title" type="radio" default="1" label="FLEXI_SHOW_CAT_TITLE" description="FLEXI_SHOW_CAT_TITLE_DESC">
			<option value="0">FLEXI_No</option>
			<option value="1">FLEXI_Yes</option>
		</param>
		<param name="show_title" type="radio" default="1" label="FLEXI_Show_Items_Title" description="FLEXI_Show/Hide_the_items_title">
			<option value="0">FLEXI_No</option>
			<option value="1">FLEXI_Yes</option>
		</param>
		<param name="link_titles" type="radio" default="1" label="FLEXI_Linked_Titles" description="FLEXI_TIPIFYESTITLECONTENTITEMS">
			<option value="0">FLEXI_No</option>
			<option value="1">FLEXI_Yes</option>
		</param>
		<param name="show_readmore" type="radio" default="1" label="FLEXI_Read_More_Link" description="FLEXI_TIPIFSETTOSHOWREADMORELINK">
			<option value="0">FLEXI_Hide</option>
			<option value="1">FLEXI_Show</option>
		</param>
		<param name="show_feed_link" type="radio" default="1" label="FLEXI_SHOW_FEED_LINK" description="FLEXI_SHOW_FEED_LINK_DESC">
			<option value="0">Hide</option>
			<option value="1">Show</option>
		</param>
<!--
		<param name="show_noauth" type="radio" default="0" label="FLEXI_Show_UnAuthorized_Links" description="FLEXI_TIPLINKS">
			<option value="0">FLEXI_No</option>
			<option value="1">FLEXI_Yes</option>
		</param>
-->
	</params>

	<params group="common" addpath="/administrator/components/com_flexicontent/elements">
		<param name="limit" type="text" size="4" default="10" label="FLEXI_NUM_PER_PAGE" description="FLEXI_NUM_PER_PAGE_DESC"/>
		<param name="show_pagination" type="list" default="2" label="FLEXI_PAGINATION" description="FLEXI_PAGINATION_DESC">
			<option value="0">Hide</option>
			<option value="1">Show</option>
			<option value="2">Auto</option>
		</param>
		<param name="show_pagination_results" type="radio" default="1" label="FLEXI_PAGINATION_RES" description="FLEXI_PAGINATION_RES_DESC">
			<option value="0">Hide</option>
			<option value="1">Show</option>
		</param>
		<param name="orderby" type="list" default="" label="FLEXI_PRIMARY_ORDER" description="FLEXI_PRIMARY_ORDER_DESC">
			<option value="">Default</option>
			<option value="date">Oldest first</option>
			<option value="rdate">Most recent first</option>
			<option value="alpha">Title Alphabetical</option>
			<option value="ralpha">Title Reverse-Alphabetical</option>
			<option value="author">Author Alphabetical</option>
			<option value="rauthor">Author Reverse-Alphabetical</option>
			<option value="hits">Most Hits</option>
			<option value="rhits">Least Hits</option>
			<option value="order">Ordering</option>
		</param>
		<param name="@spacer" type="spacer" default="" label="" description="" />
	 	<param name="show_description" type="radio" default="1" label="FLEXI_CAT_DESCRIPTION" description="FLEXI_CAT_DESCRIPTION_DESC">
	 		<option value="0">Hide</option>
	 		<option value="1">Show</option>
		</param>
		<param name="show_description_image" type="radio" default="1" label="FLEXI_CAT_IMAGE" description="FLEXI_CAT_IMAGE_DESC">
	 		<option value="0">Hide</option>
			<option value="1">Show</option>
	 	</param>
		<param name="@spacer" type="spacer" default="" label="" description="" />
		<param name="show_alpha" type="radio" default="1" label="FLEXI_SHOW_ALPHA" description="FLEXI_SHOW_ALPHA_DESC">
	 		<option value="0">Hide</option>
	 		<option value="1">Show</option>
	 	</param>
		<param name="@spacer" type="spacer" default="" label="" description="" />
		<param name="show_subcategories" type="radio" default="1" label="FLEXI_SHOW_SUBCATS" description="FLEXI_SHOW_SUBCATS_DESC">
	 		<option value="0">Hide</option>
	 		<option value="1">Show</option>
	 	</param>
<!--
		<param name="subcategories_display" type="list" default="0" label="Subcategories display" description="Choose the way you wish to display the Subcategories">
	 		<option value="0">List</option>
	 		<option value="1">Comma separated list</option>
	 	</param>
-->
		<param name="show_itemcount" type="radio" default="1" label="FLEXI_SHOW_ITEMS_COUNT" description="FLEXI_SHOW_ITEMS_COUNT_DESC">
	 		<option value="0">Hide</option>
	 		<option value="1">Show</option>
		</param>
<!-- 		<param name="fields" type="fields" size="10" default="0" label="FLEXI_SELECT_FIELDS" description="FLEXI_SELECT_FIELDS_DESC" /> -->
		<param name="@spacer" type="spacer" default="" label="" description="" />
		<param name="use_filters" type="radio" default="0" label="FLEXI_SHOW_FILTERS" description="FLEXI_SHOW_FILTERS_DESC">
	 		<option value="0">No</option>
	 		<option value="1">Yes</option>
	 	</param>
		<param name="use_search" type="radio" default="0" label="FLEXI_SHOW_SEARCH" description="FLEXI_SHOW_SEARCH_DESC">
	 		<option value="0">No</option>
	 		<option value="1">Yes</option>
	 	</param>
		<param name="filters" type="filters" size="10" default="0" label="FLEXI_SELECT_FILTERS" description="FLEXI_SELECT_FILTERS_DESC" />
	</params> 
</form>