<?xml version="1.0" encoding="utf-8"?>
<form>
	<name>Article Edit Form</name>
	<params addpath="/administrator/components/com_flexicontent/elements">
		<param name="access" type="list" size="20" default="0" label="FLEXI_Access_Level" description="FLEXI_DETAILACCESS">
			<option value="0">Public</option>
			<option value="1">Registered</option>
			<option value="2">Special</option>
		</param>
		<param name="created_by" type="author" default="" label="Author" description="FLEXI_DETAILAUTHOR" />
		<param name="created_by_alias" type="text" size="20" default="" label="Author Alias" description="FLEXI_DETAILAUTHORALIAS" />
		<param name="created" type="calendar" default="" label="Created Date" description="FLEXI_DETAILCREATED" />
		<param name="publish_up" type="calendar" default="" label="Start Publishing" description="FLEXI_DETAILSTART" />
		<param name="publish_down" type="calendar" default="" label="Finish Publishing" description="FLEXI_DETAILFINISH" />
	</params>
	<params group="advanced">
		<param name="ilayout" type="itemlayout" label="FLEXI_CHOOSE_SPECIFIC_ITEM_LAYOUT" description="FLEXI_CHOOSE_SPECIFIC_ITEM_LAYOUT_DESC" />
		<param name="comments" type="list" default="" label="FLEXI_ENABLE_COMMENTS" description="FLEXI_ENABLE_COMMENTS_DESC">
			<option value="">Use Global</option>
			<option value="0">FLEXI_NO</option>
			<option value="1">FLEXI_JCOMMENTS</option>
			<option value="2">FLEXI_JOMCOMMENTS</option>
		</param>
		<param name="show_pdf_icon" type="list" default="" label="FLEXI_PDF_ICON" description="FLEXI_PDF_ICON_DESC">
			<option value="">Use Global</option>
			<option value="0">FLEXI_HIDE</option>
			<option value="1">FLEXI_SHOW</option>
		</param>
		<param name="show_print_icon" type="list" default="" label="FLEXI_PRINT_ICON" description="FLEXI_PRINT_ICON_DESC">
			<option value="">Use Global</option>
			<option value="0">FLEXI_HIDE</option>
			<option value="1">FLEXI_SHOW</option>
		</param>
		<param name="show_email_icon" type="list" default="" label="FLEXI_EMAIL_ICON" description="FLEXI_EMAIL_ICON_DESC">
			<option value="">Use Global</option>
			<option value="0">FLEXI_HIDE</option>
			<option value="1">FLEXI_SHOW</option>
		</param>
		<param name="language" type="languages" client="site" label="FLEXI_Content_language" description="FLEXI_PARAMCONTENTLANGUAGE" />
		<param name="keyref" type="text" size="25" default="" label="Key Reference" description="PARAMKEYREF" />
		<param name="show_intro" type="radio" default="1" label="FLEXI_SHOW_INTRO_TEXT" description="FLEXI_SHOW/HIDE_THE_INTRO_TEXT">
			<option value="0">FLEXI_Hide</option>
			<option value="1">FLEXI_Show</option>
		</param>
		<param name="readmore" type="text" size="25" default="" label="Alternative Read more text" description="PARAMALTREADMORE" />
		<param name="" type="separator" default="FLEXI_SEO_CONF" level="level1" menu="hide" />
		<param name="override_title" type="list" default="" label="FLEXI_OVERRIDE_PAGETTITLE" description="FLEXI_OVERRIDE_PAGETTITLE_DESC">
			<option value="">Use Global</option>
			<option value="0">FLEXI_NO</option>
			<option value="1">FLEXI_YES</option>
		</param>
		<param name="custom_ititle" type="text" size="33" default="" label="FLEXI_CUSTOM_TITLE" description="FLEXI_CUSTOM_TITLE_DESC" />
		<param name="addcat_title" type="list" default="" label="FLEXI_ADDCAT_PAGETTITLE" description="FLEXI_ADDCAT_PAGETTITLE_DESC">
			<option value="">Use Global</option>
			<option value="0">FLEXI_NO</option>
			<option value="1">FLEXI_YES</option>
		</param>
	</params>
	<params group="metadata">
		<param name="description" type="textarea" rows="5" cols="30" default="" label="FLEXI_Description" description="FLEXI_METADESC" />
		<param name="keywords" type="textarea" rows="5" cols="30" default="" label="FLEXI_Keywords" description="FLEXI_METAKEYS" />
		<param name="robots" type="text" size="20" default="" label="FLEXI_Robots" description="FLEXI_METAROBOTS" />
		<param name="author" type="text" size="20" default="" label="FLEXI_Author" description="FLEXI_METAAUTHOR" />
	</params>
</form>