﻿<?xml version="1.0" encoding="utf-8"?>
<install version="1.5" type="plugin" group="system" method="install">
  <name>System - JComingSoon</name>
  <creationDate>April 30, 2011</creationDate>
  <author>Ronak Bhagdev</author>
  <authorEmail>ronakbhagdev@gmail.com</authorEmail>
  <copyright>2011 - Ronak Bhagdev. All rights reserved.</copyright>
  <copyright>Traduzido por Rafael Santana (rldesign).</copyright>
  <license>GPL2</license>
  <version>1.1</version>
  <description>JComingSoon é um plugin para uma página 'Em breve ou Em construção' para o nosso site Joomla</description>
  <files>
    <filename plugin="comingsoon">comingsoon.php</filename>
    <folder>jcomingsoon</folder>
  </files>
  <params addpath="/plugins/system/jcomingsoon/elements">
  	<param name="on_off" type="radio" default="0" label="Gostaria de ficar offline?" description="">
      <option value="1">Sim</option>
      <option value="0">Não</option>
    </param>
	<param name="" type="header" default="Skin"/>
    <param name="logo_path" type="text" default="plugins/system/jcomingsoon/images/logo.png" label="Caminho do Logo" description="Favor coloque o caminho completo do seu logo"/>
    <param name="template" type="list" default="Azul" label="Template" description="Selecione o seu Template">
	  <option value="blue">Azul</option>
      <option value="green">Verde</option>
      <option value="orange">Laranja</option>
      <option value="red">Vermelho</option>
    </param>
	<param name="" type="header" default="Lançamento de Data e Hora"/>
    <param name="date" type="text" default="21" label="Dia" description="Favor entre com o Dia"/>
    <param name="month" type="text" default="12" label="Mês" description="Favor entre com o mês"/>
    <param name="year" type="text" default="2012" label="Ano" description="Favor entre com o ano"/>
    <param name="hour" type="text" default="2" label="Hora" description="Favor entre com a Hora"/>
    <param name="minute" type="text" default="1" label="Minuto" description="Favor entre com o Minuto"/>
    <param name="second" type="text" default="2" label="Segundo" description="Favor entre com o Segundo"/>
    <param name="" type="header" default="HTML Meta"/>
    <param name="meta_title" type="text" default="Meta Title" label="Meta Title" description="Favor entre com a Meta Title"/>
    <param name="meta_description" type="text" default="Meta Description" label="Meta Description" description="Favor entre com a Meta Description"/>
    <param name="meta_key_words" type="text" default="Meta Keywords" label="Meta Key Words" description="Favor entre com a Meta Key Words"/>
	<param name="" type="header" default="Content"/>
    <param name="heading" type="text" default="JComingSoon está em manutenção" label="Cabeçalho" description="Favor enter com o Cabeçalho"/>
    <param name="description" type="textarea" default="No momento, estamos em manutenção.  Estamos reconstruindo nosso site.  Pedimos desculpas pelo transtorno." label="Descrição" description="Favor entre com a descrição" rows="10" cols="35"/>
    <param name="copyright" type="text" default="©2011 - JComingSoon" label="Copyright" description="Favor entre com o Copyright"/>
    <param name="" type="header" default="Configuração de Inscrição"/>
    <param name="email_from" type="text" default="seu@site.com.br" label="Email De" description="Favor enter an Email Address which you want to receieve from"/>
    <param name="email_to" type="text" default="seu@site.com.br" label="Email Para" description="Favor enter an Email Address which you want to send to"/>
    <param name="subject" type="text" default="Nova Inscrição" label="Email" description="Favor entre com o cabeçalho do Email"/>
    <param name="" type="header" default="Links de Rede Social"/>
    <param name="facebook" type="text" default="http://www.facebook.com" label="Facebook Link" description="Favor enter com o seu link do facebook"/>
    <param name="twitter" type="text" default="http://www.twitter.com" label="Twitter Link" description="Favor enter com o seu link do twitter"/>
   </params>
</install>