<?xml version="1.0" encoding="utf-8"?>
<install type="module" version="1.5.0">
	<name>Simple Upload 1.2</name>
	<author>Ribamar FS</author>
	<creationDate>31 de Janeiro de 2009</creationDate>
	<copyright>(C) 2005 Open Source Matters. All rights reserved.</copyright>
	<license>http://www.gnu.org/copyleft/gpl.html GNU/GPL</license>
	<authorEmail>ribafs@gmail.com</authorEmail>
	<authorUrl>http://ribafs.org</authorUrl>
	<version>1.0.0</version>
	<description>Simple Upload 1.2 for Joomla 1.5 - 
        Umpack module and see readme.txt to details for use this module.
		Descompacte o módulo e veja o leiame.txt para detalhes sobre o uso deste módulo.
		Ribamar FS - http://ribafs.org
	</description>
	<files>
		<filename module="mod_upload">mod_upload.php</filename>
	</files>
	<languages>
		<language tag="pt-BR">pt-BR.mod_upload.ini</language>
		<language tag="en-GB">en-GB.mod_upload.ini</language>
	</languages>
	<params>
		<param name="dir" type="text" label="Directory (in Joomla root)" description="Directory Upload (root Joomla)" default="upload"/>
		<param name="max" type="text" label="Max length (vide php.ini)" description="Max length (vide upload_max_filesize in php.ini)" default="2097152" />
        <param name="type" type="list" default="*" label="Select a file type" description="File type">
             <option value="*">All Types</option>
             <option value="image/png">PNG</option>
             <option value="image/gif">GIF</option>
             <option value="image/jpeg">JPEG</option>
             <option value="application/zip">ZIP</option>
             <option value="text/html">HTML</option>
             <option value="text/plain">TXT</option>
             <option value="application/pdf">PDF</option>
             <option value="application/msword">DOC</option>
        </param>              
	</params>
</install>
