<?xml version="1.0" encoding="utf-8"?>
<!DOCTYPE install SYSTEM "http://dev.joomla.org/xml/1.5/component-install.dtd">
<install type="component" version="1.5.0">
	<!-- Start -->
	<name>AceSEF</name>
	<author>JoomAce LLC</author>
	<creationDate>15 November 2010</creationDate>
	<copyright>2009-2010 JoomAce LLC</copyright>
	<license>GNU/GPL, http://www.gnu.org/copyleft/gpl.html</license>
	<authorEmail>info@joomace.net</authorEmail>
	<authorUrl>www.joomace.net</authorUrl>
	<version>1.5.7</version>
	<description>AceSEF é um poderoso e flexível gerador de URLs SEF, Meta-dados, Sitemap e Tags com uma interface gráfica fácil de usar e que simplifica o gerenciamento da classificação do Rank SEO de seu site.</description>
	
	<!-- Frontend -->
	<files folder="site">
		<!-- Files -->
		<filename>acesef.php</filename>
		<filename>index.html</filename>
		<!-- Folders -->
		<folder>assets</folder>
		<folder>controllers</folder>
		<folder>models</folder>
		<folder>views</folder>
	</files>
	
	<languages folder="languages/site">
		<language tag="en-GB">en-GB/en-GB.com_acesef.ini</language>
		<language tag="pt-BR">pt-BR/pt-BR.com_acesef.ini</language>
	</languages>
	
	<!-- Backend -->
	<administration>
		<menu img="components/com_acesef/assets/images/acesef.png">AceSEF</menu>
		<submenu>
	    	<menu link="option=com_acesef" img="components/com_acesef/assets/images/acesef.png">Control Panel</menu>
	    	<menu link="option=com_acesef&amp;controller=config&amp;task=edit" img="components/com_acesef/assets/images/icon-16-config.png">Configuration</menu>
	      	<menu link="option=com_acesef&amp;controller=extensions&amp;task=view" img="components/com_acesef/assets/images/icon-16-extensions.png">Extensions</menu>
	      	<menu link="option=com_acesef&amp;controller=sefurls&amp;task=view" img="components/com_acesef/assets/images/icon-16-urls.png">URLs</menu>
	      	<menu link="option=com_acesef&amp;controller=metadata&amp;task=view" img="components/com_acesef/assets/images/icon-16-metadata.png">Metadata</menu>
	      	<menu link="option=com_acesef&amp;controller=sitemap&amp;task=view" img="components/com_acesef/assets/images/icon-16-sitemap.png">Sitemap</menu>
	      	<menu link="option=com_acesef&amp;controller=tags&amp;task=view" img="components/com_acesef/assets/images/icon-16-tags.png">Tags</menu>
	      	<menu link="option=com_acesef&amp;controller=ilinks&amp;task=view" img="components/com_acesef/assets/images/icon-16-ilinks.png">Internal Links</menu>
	      	<menu link="option=com_acesef&amp;controller=bookmarks&amp;task=view" img="components/com_acesef/assets/images/icon-16-bookmarks.png">S. Bookmarks</menu>
	      	<menu link="option=com_acesef&amp;controller=upgrade&amp;task=view" img="components/com_acesef/assets/images/icon-16-upgrade.png">Upgrade</menu>
	      	<menu link="option=com_acesef&amp;controller=support&amp;task=support" img="components/com_acesef/assets/images/icon-16-support.png">Support</menu>
	    </submenu>
		
		<files>
			<filename>acesef.xml</filename>
		</files>
		
		<files folder="admin">
			<!-- Files -->
			<filename>index.html</filename>
			<filename>acesef.php</filename>
			<filename writable="yes">configuration.php</filename>
			<filename>install.sql</filename>
			<filename>install.php</filename>
			<filename>uninstall.sql</filename>
			<filename>uninstall.php</filename>
			<filename>toolbar.acesef.php</filename>
			<!-- Folders -->
			<folder>adapters</folder>
			<folder>assets</folder>
			<folder>controllers</folder>
			<folder writable="yes">extensions</folder>
			<folder>library</folder>
			<folder>models</folder>
			<folder>tables</folder>
			<folder>views</folder>
		</files>
		<languages folder="languages/admin">
			<language tag="en-GB">en-GB/en-GB.com_acesef.ini</language>
			<language tag="en-GB">en-GB/en-GB.com_acesef.menu.ini</language>
			<language tag="pt-BR">pt-BR/pt-BR.com_acesef.ini</language>
			<language tag="pt-BR">pt-BR/pt-BR.com_acesef.menu.ini</language>
		</languages>
	</administration>
	
	<!-- Plugins -->
	<plugins>
		<plugin plugin="acesef" title="AceSEF" group="system" order="-10">
			<files folder="plugins/acesef">
				<file>acesef.php</file>
				<file>acesef.xml</file>
			</files>
		</plugin>
		<plugin plugin="acesefmetacontent" title="AceSEF Metadata (Content)" group="system" order="0">
			<files folder="plugins/acesefmetacontent">
				<file>acesefmetacontent.xml</file>
				<file>acesefmetacontent.php</file>
				<file>acesefmetacontent_tmpl.php</file>
			</files>
		</plugin>
	</plugins>
	
	<!-- Modules -->
	<modules>
		<module module="mod_acesef_quickicons" title="AceSEF - Quick Icons" position="icon" client="administrator">
			<files folder="modules/mod_acesef_quickicons">
				<file>index.html</file>
				<file>mod_acesef_quickicons.php</file>
				<file>mod_acesef_quickicons.xml</file>
			</files>
			<languages folder="modules/mod_acesef_quickicons/language">
				<language tag="en-GB">en-GB.mod_acesef_quickicons.ini</language>
				<language tag="pt-BR">pt-BR.mod_acesef_quickicons.ini</language>
			</languages>
		</module>
	</modules>
	
	<!-- Install/Uninstall SQL -->
	<install>
		<sql>
			<file charset="utf8" driver="mysql">install.sql</file>
		</sql>
	</install>
	<uninstall>
		<sql>
			<file charset="utf8" driver="mysql">uninstall.sql</file>
		</sql>
	</uninstall>
	
	<!-- Install/Uninstall File -->
	<installfile>install.php</installfile>
	<uninstallfile>uninstall.php</uninstallfile>
	
	<!-- Finish -->
</install>