<?xml version="1.0" encoding="utf-8"?>
<!DOCTYPE install SYSTEM "http://dev.joomla.org/xml/1.5/component-install.dtd">
<install type="component" version="1.5.0" method="upgrade">
   <name>uddeim</name>
   <creationDate>2010-08-01</creationDate>
   <author>Stephan Slabihoud</author>
   <copyright>This is free software and you may redistribute it under the GPL. uddeIM comes with absolutely no warranty. For details, see the license at http://www.gnu.org/licenses/gpl.txt. For icons credits and license, see LICENSE folder. Where noted, other copyrights apply for code portions. This version is based on uddeIM 0.5b which has been written by Benjamin Zweifel in 2006.</copyright>
   <license>GNU/GPL</license>
   <authorEmail>ssl@gmx.de</authorEmail>
   <authorUrl>http://www.slabihoud.de/software/</authorUrl>
   <version>2.1</version>
   <description>uddeIM Instant Messages for Mambo/Joomla</description>
<files>
	<filename>uddeim.php</filename>
	<filename>inbox.php</filename>
	<filename>outbox.php</filename>
	<filename>archive.php</filename>
	<filename>trashcan.php</filename>
	<filename>userlists.php</filename>
	<filename>includes.php</filename>
	<filename>includes.db.php</filename>
	<filename>bbparser.php</filename>
	<filename>crypt.class.php</filename>
	<filename>getpiclink.php</filename>
	<filename>cb_extra.php</filename>
	<filename>json.php</filename>
	<filename>index.html</filename>
	<filename>captcha.php</filename>
	<filename>captcha15.php</filename>
	<filename>uddeimlib10.php</filename>
	<filename>uddeimlib15.php</filename>
	<filename>uddeimlib16.php</filename>
	<filename>uddeim_igoogle.xml</filename>
	<filename>recaptchalib.php</filename>
	<filename>uddeim.api.php</filename>

	<filename>js/bbsmile.js</filename>
	<filename>js/uddeimtools.js</filename>
	<filename>js/Autocompleter.js</filename>
	<filename>js/Autocompleter2.js</filename>
	<filename>js/Autocompleter-1.2.js</filename>
	<filename>js/Autocompleter.Local-1.2.js</filename>
	<filename>js/Autocompleter.Request-1.2.js</filename>
	<filename>js/mootools.js</filename>
	<filename>js/mootools-1.2.4-core.js</filename>
	<filename>js/Observer.js</filename>
	<filename>js/Observer-1.2.js</filename>
	<filename>templates/default/css/uddeim.css</filename>
	<filename>templates/default/css/uddeim-ie.css</filename>
	<filename>templates/default/css/uddemodule.css</filename>
	<filename>templates/default/css/autocompleter.css</filename>
	<filename>templates/default/css/index.html</filename>
	<filename>templates/default/index.html</filename>
	<filename>templates/default/images/index.html</filename>
	<filename>templates/default/animated/index.html</filename>
	<filename>templates/default/animated-extended/index.html</filename>

	<filename>monofont.ttf</filename>
	<filename>templates/images/donate_d.gif</filename>
	<filename>templates/images/donate_en.gif</filename>
	<filename>templates/images/igoogle.gif</filename>
	<filename>templates/images/uddeim_logo.png</filename>
	<filename>templates/images/rss_logo.png</filename>
	<filename>templates/default/animated/emoticon_crossed.gif</filename>
	<filename>templates/default/animated/emoticon_heart.gif</filename>
	<filename>templates/default/animated/emoticon_wondering.gif</filename>
	<filename>templates/default/animated/emoticon_angry.gif</filename>
	<filename>templates/default/animated/emoticon_blush.gif</filename>
	<filename>templates/default/animated/emoticon_cool.gif</filename>
	<filename>templates/default/animated/emoticon_kiss.gif</filename>
	<filename>templates/default/animated/emoticon_laughing.gif</filename>
	<filename>templates/default/animated/emoticon_sad.gif</filename>
	<filename>templates/default/animated/emoticon_shocked.gif</filename>
	<filename>templates/default/animated/emoticon_smile.gif</filename>
	<filename>templates/default/animated/emoticon_tongue.gif</filename>
	<filename>templates/default/animated/emoticon_wink.gif</filename>
	<filename>templates/default/animated-extended/beach.gif</filename>
	<filename>templates/default/animated-extended/boredom.gif</filename>
	<filename>templates/default/animated-extended/bye.gif</filename>
	<filename>templates/default/animated-extended/clapping.gif</filename>
	<filename>templates/default/animated-extended/cry.gif</filename>
	<filename>templates/default/animated-extended/dance2.gif</filename>
	<filename>templates/default/animated-extended/dance4.gif</filename>
	<filename>templates/default/animated-extended/dash.gif</filename>
	<filename>templates/default/animated-extended/diablo.gif</filename>
	<filename>templates/default/animated-extended/drinks.gif</filename>
	<filename>templates/default/animated-extended/first_move.gif</filename>
	<filename>templates/default/animated-extended/friends.gif</filename>
	<filename>templates/default/animated-extended/gamer.gif</filename>
	<filename>templates/default/animated-extended/girl_cry.gif</filename>
	<filename>templates/default/animated-extended/girl_devil.gif</filename>
	<filename>templates/default/animated-extended/girl_mad.gif</filename>
	<filename>templates/default/animated-extended/girl_wink.gif</filename>
	<filename>templates/default/animated-extended/give_heart.gif</filename>
	<filename>templates/default/animated-extended/give_rose.gif</filename>
	<filename>templates/default/animated-extended/good.gif</filename>
	<filename>templates/default/animated-extended/kiss1.gif</filename>
	<filename>templates/default/animated-extended/kiss2.gif</filename>
	<filename>templates/default/animated-extended/lazy.gif</filename>
	<filename>templates/default/animated-extended/nea.gif</filename>
	<filename>templates/default/animated-extended/popcorn.gif</filename>
	<filename>templates/default/animated-extended/punish.gif</filename>
	<filename>templates/default/animated-extended/secret.gif</filename>
	<filename>templates/default/animated-extended/smoke.gif</filename>
	<filename>templates/default/animated-extended/stinker.gif</filename>
	<filename>templates/default/animated-extended/training.gif</filename>
	<filename>templates/default/animated-extended/victory.gif</filename>
	<filename>templates/default/animated-extended/yes.gif</filename>
	<filename>templates/default/images/emoticon_crossed.gif</filename>
	<filename>templates/default/images/emoticon_heart.gif</filename>
	<filename>templates/default/images/emoticon_wondering.gif</filename>
	<filename>templates/default/images/emoticon_angry.gif</filename>
	<filename>templates/default/images/emoticon_blush.gif</filename>
	<filename>templates/default/images/emoticon_cool.gif</filename>
	<filename>templates/default/images/emoticon_kiss.gif</filename>
	<filename>templates/default/images/emoticon_laughing.gif</filename>
	<filename>templates/default/images/emoticon_sad.gif</filename>
	<filename>templates/default/images/emoticon_shocked.gif</filename>
	<filename>templates/default/images/emoticon_smile.gif</filename>
	<filename>templates/default/images/emoticon_tongue.gif</filename>
	<filename>templates/default/images/emoticon_wink.gif</filename>
	<filename>templates/default/images/format_bold.gif</filename>
	<filename>templates/default/images/format_bold_close.gif</filename>
	<filename>templates/default/images/format_italic.gif</filename>
	<filename>templates/default/images/format_italic_close.gif</filename>
	<filename>templates/default/images/format_underline.gif</filename>
	<filename>templates/default/images/format_underline_close.gif</filename>
	<filename>templates/default/images/format_red.gif</filename>
	<filename>templates/default/images/format_red_close.gif</filename>
	<filename>templates/default/images/format_blue.gif</filename>
	<filename>templates/default/images/format_blue_close.gif</filename>
	<filename>templates/default/images/format_green.gif</filename>
	<filename>templates/default/images/format_green_close.gif</filename>
	<filename>templates/default/images/format_size1.gif</filename>
	<filename>templates/default/images/format_size1_close.gif</filename>
	<filename>templates/default/images/format_size2.gif</filename>
	<filename>templates/default/images/format_size2_close.gif</filename>
	<filename>templates/default/images/format_size4.gif</filename>
	<filename>templates/default/images/format_size4_close.gif</filename>
	<filename>templates/default/images/format_size5.gif</filename>
	<filename>templates/default/images/format_size5_close.gif</filename>
	<filename>templates/default/images/format_image.gif</filename>
	<filename>templates/default/images/format_image_close.gif</filename>
	<filename>templates/default/images/format_link.gif</filename>
	<filename>templates/default/images/format_link_close.gif</filename>
	<filename>templates/default/images/format_closeall.gif</filename>
	<filename>templates/default/images/menu_inbox.gif</filename>
	<filename>templates/default/images/menu_outbox.gif</filename>
	<filename>templates/default/images/menu_trashcan.gif</filename>
	<filename>templates/default/images/menu_archive.gif</filename>
	<filename>templates/default/images/menu_settings.gif</filename>
	<filename>templates/default/images/menu_new.gif</filename>
	<filename>templates/default/images/menu_book.gif</filename>
	<filename>templates/default/images/icon_online.gif</filename>
	<filename>templates/default/images/icon_offline.gif</filename>
	<filename>templates/default/images/icon_start.gif</filename>
	<filename>templates/default/images/icon_end.gif</filename>
	<filename>templates/default/images/icon_next.gif</filename>
	<filename>templates/default/images/icon_prev.gif</filename>
	<filename>templates/default/images/icon_delete.gif</filename>
	<filename>templates/default/images/icon_archive.gif</filename>
	<filename>templates/default/images/icon_block.gif</filename>
	<filename>templates/default/images/icon_spam.gif</filename>
	<filename>templates/default/images/icon_updown.gif</filename>
	<filename>templates/default/images/icon_up.gif</filename>
	<filename>templates/default/images/icon_down.gif</filename>
	<filename>templates/default/images/archive.gif</filename>
	<filename>templates/default/images/attachment.gif</filename>
	<filename>templates/default/images/disk.gif</filename>
	<filename>templates/default/images/email.gif</filename>
	<filename>templates/default/images/env.gif</filename>
	<filename>templates/default/images/env_ani.gif</filename>
	<filename>templates/default/images/envelope.gif</filename>
	<filename>templates/default/images/envelope_deleted.gif</filename>
	<filename>templates/default/images/forward.gif</filename>
	<filename>templates/default/images/new_im.gif</filename>
	<filename>templates/default/images/nonew_im.gif</filename>
	<filename>templates/default/images/recycle.gif</filename>
	<filename>templates/default/images/restore.gif</filename>
	<filename>templates/default/images/spinner16.gif</filename>
	<filename>templates/default/images/staroff.gif</filename>
	<filename>templates/default/images/staron.gif</filename>
	<filename>templates/default/images/trash.gif</filename>
	<filename>templates/default/images/unarchive.gif</filename>
	<filename>templates/default/images/edit.gif</filename>
</files>
  <install>
	<sql>
		<file driver="mysql" charset="utf8">install.uddeim.sql</file>
		<file driver="mysql">install.uddeim.sql</file>
	</sql>
  </install>
  <uninstall>
  </uninstall>
  <installfile>install.uddeim.php</installfile>
  <uninstallfile>uninstall.uddeim.php</uninstallfile>
  <administration>
    <menu>uddeIM</menu>
      <files>
		 <filename>install.uddeim.sql</filename>
         <filename>admin.uddeim.php</filename>
         <filename>admin.shared.php</filename>
         <filename>admin.includes.php</filename>
         <filename>admin.usersettings.php</filename>
	 	 <filename>admin.uddeimlib10.php</filename>
		 <filename>admin.uddeimlib15.php</filename>
		 <filename>admin.uddeimlib16.php</filename>
         <filename>toolbar.uddeim.php</filename>
		 <filename>install.uddeim.php</filename>
		 <filename>uninstall.uddeim.php</filename>
         <filename>config.class.php</filename>
         <filename>index.html</filename>
		 <filename>language/brazilian_portuguese.php</filename>
		 <filename>language/catalan.php</filename>
		 <filename>language/czech.php</filename>
		 <filename>language/danish.php</filename>
		 <filename>language/dutch.php</filename>
         <filename>language/english.php</filename>
		 <filename>language/finnish.php</filename>
		 <filename>language/french.php</filename>
		 <filename>language/german.php</filename>
		 <filename>language/germanf.php</filename>
		 <filename>language/germani.php</filename>
		 <filename>language/greek.php</filename>
		 <filename>language/hebrew.php</filename>
		 <filename>language/hrvatski.php</filename>
		 <filename>language/hungarian.php</filename>
		 <filename>language/italian.php</filename>
		 <filename>language/japanese.php</filename>
		 <filename>language/norwegian.php</filename>
		 <filename>language/portuguese.php</filename>
		 <filename>language/russian.php</filename>
		 <filename>language/simplified_chinese.php</filename>
		 <filename>language/spanish.php</filename>
		 <filename>language/serbian.php</filename>
		 <filename>language/serbian_lat.php</filename>
		 <filename>language/swedish.php</filename>
         <filename>language/traditional_chinese.php</filename>
		 <filename>language/turkish.php</filename>
		 <filename>language/ukrainian.php</filename>
		 <filename>language/vietnamese.php</filename>
		 <filename>language/index.html</filename>

		 <filename>language.utf8/brazilian_portuguese.php</filename>
		 <filename>language.utf8/catalan.php</filename>
		 <filename>language.utf8/czech.php</filename>
		 <filename>language.utf8/danish.php</filename>
		 <filename>language.utf8/dutch.php</filename>
         <filename>language.utf8/english.php</filename>
		 <filename>language.utf8/finnish.php</filename>
		 <filename>language.utf8/french.php</filename>
		 <filename>language.utf8/german.php</filename>
		 <filename>language.utf8/germanf.php</filename>
		 <filename>language.utf8/germani.php</filename>
		 <filename>language.utf8/greek.php</filename>
		 <filename>language.utf8/hebrew.php</filename>
		 <filename>language.utf8/hrvatski.php</filename>
		 <filename>language.utf8/hungarian.php</filename>
		 <filename>language.utf8/italian.php</filename>
		 <filename>language.utf8/japanese.php</filename>
		 <filename>language.utf8/norwegian.php</filename>
		 <filename>language.utf8/portuguese.php</filename>
		 <filename>language.utf8/russian.php</filename>
		 <filename>language.utf8/simplified_chinese.php</filename>
		 <filename>language.utf8/spanish.php</filename>
		 <filename>language.utf8/serbian.php</filename>
		 <filename>language.utf8/serbian_lat.php</filename>
		 <filename>language.utf8/swedish.php</filename>
         <filename>language.utf8/traditional_chinese.php</filename>
		 <filename>language.utf8/turkish.php</filename>
		 <filename>language.utf8/ukrainian.php</filename>
		 <filename>language.utf8/vietnamese.php</filename>
		 <filename>language.utf8/index.html</filename>
      </files>
   </administration>
</install>
