<?xml version="1.0" ?>
<joomfish type="contentelement">
  <name>Categories</name>
  <author>A. Kempkens</author>
  <version>2.0.4</version>
  <description>Definition for Mambo categories</description>
  <copyright>2003 - 2009, Think Network GmbH, Munich</copyright>
  <reference>
  	<table name="categories">
  		<field type="referenceid" name="id" translate="0">ID</field>
  		<field type="titletext" name="title" translate="1">Title</field>
  		<field type="text" name="name" translate="1">Name</field>
  		<field type="htmltext" name="description" translate="1">Description</field>
  		<field type="checked_out_by" name="checked_out" translate="0">Check out by</field>
  		<field type="checked_out_date" name="checked_out_time" translate="0">Check out date</field>
  	</table>
  </reference>
  <translationfilters>
  	  <keyword>title</keyword>
  	  <published>published</published>
  </translationfilters>
</joomfish>