<?xml version="1.0" ?>
<joomfish type="contentelement">
  <name>Newsfeeds</name>
  <author>A. Kempkens</author>
  <version>2.0.4</version>
  <description>Definition for the core news feeds component</description>
  <copyright>2003 - 2009, Think Network GmbH, Munich</copyright>
  <reference>
  	<table name="newsfeeds">
  		<field type="referenceid" name="id" translate="0">ID</field>
  		<field type="titletext" name="name" translate="1">Name</field>
  		<field type="text" name="alias" translate="1" posthandler="filterName">Alias</field>
  		<field type="checked_out_by" name="checked_out" translate="0">Check out by</field>
  		<field type="checked_out_date" name="checked_out_time" translate="0">Check out date</field>
  	</table>
  </reference>
  <translationfilters>
  	  <category>catid</category>
  </translationfilters>  
</joomfish>