<?xml version="1.0" encoding="utf-8"?>
<install version="1.5" client="both" type="language" method="upgrade">
	<name>Agora Brazilian Portuguese (Portuguê do Brasil)</name>
	<tag>pt-BR</tag>
	<version>3.0.08</version>
	<creationDate>2009-12-17</creationDate>
	<author>JoomlaMe</author>
	<authorEmail>admin@joomlame.com</authorEmail>
	<authorUrl>www.joomlame.com</authorUrl>
	<copyright>(C) 2005 - 2009 JoomlaMe. All rights reserved.</copyright>
	<license>http://www.gnu.org/licenses/gpl-2.0.html GNU/GPL</license>
	<description>Brazilian Portuguese translation for Agora 3.0.08 Site and Admin (Joomla! 1.5.x) by Elvis Vinicius [elvisvinicius@pevermelho.com]</description>
	<administration>
		<files folder="admin">
		</files>
	</administration>
	<site>
		<files folder="site">
			<filename>pt-BR.com_agora.ini</filename>
		</files>
	</site>
	<params />
</install>