<install type="module" version="1.5.0" method="upgrade">
	<name>PollXT Module</name>
	<creationdate>20-06-2009</creationdate>
	<author>Oli Merten</author>
	<copyright>(c) 2004 - 2009 JoomlaXT</copyright>
	<authoremail>webmaster@joomlaxt.com</authoremail>
	<authorurl>http://www.joomlaxt.com</authorurl>
	<version>2.00.02</version>
	<description>MOD_POLLXT_DESC</description>
	<params>
		<param name="moduleclass_sfx" type="text" default="" label="Module Class Suffix" description="PARAMMODULECLASSSUFFIX" />
		<param name="modulewidth" type="text" default="" label="MOD_POLLXT_WIDTH" description="MOD_POLLXT_WIDTH_DESC" />
		<param name="mod_pollid" type="text" default="" label="MOD_POLLXT_ID" description="MOD_POLLXT_ID_DESC" />
		<param name="mod_disp" type="list" default="" label="MOD_POLLXT_TODISPLAY" description="MOD_POLLXT_TODISPLAY_DESC">
			<option value="">MOD_POLLXT_TODISPLAY_OPT1</option>
			<option value="1">MOD_POLLXT_TODISPLAY_OPT2</option>
			<option value="2">MOD_POLLXT_TODISPLAY_OPT3</option>
			<option value="3">MOD_POLLXT_TODISPLAY_OPT4</option>
		</param>
		<param name="mod_order" type="list" default="" label="MOD_POLLXT_ORDER" description="MOD_POLLXT_ORDER_DESC">
			<option value="">Use Global</option>
			<option value="1">MOD_POLLXT_ORDER_OPT1</option>
			<option value="2">MOD_POLLXT_ORDER_OPT2</option>
		</param>
		<param name="mod_hide" type="list" default="" label="MOD_POLLXT_INITIALLY_OPTIONS" description="MOD_POLLXT_INITIALLY_OPTIONS_DESC">
			<option value="">Use Global</option>
			<option value="1">Yes</option>
			<option value="2">No</option>
		</param>
		<param name="mod_selpo" type="list" default="" label="MOD_POLLXT_SELECTBOX" description="MOD_POLLXT_SELECTBOX_DESC">
			<option value="">Use Global</option>
			<option value="1">Yes</option>
			<option value="2">No</option>
		</param>
		<param name="mod_imgvote" type="imagelist" default="" label="MOD_POLLXT_IMAGEVOTINGBUTTON" directory="/images/stories/" hide_default="1" description="MOD_POLLXT_IMAGEVOTINGBUTTON_DESC" />
		<param name="mod_imgresult" type="imagelist" default="" label="MOD_POLLXT_IMAGERESULTSBUTTON" directory="/images/stories/" hide_default="1" description="MOD_POLLXT_IMAGERESULTSBUTTON_DESC" />
		<param name="mod_category" type="mos_category" default="0" label="MOD_POLLXT_CATEGORY" description="MOD_POLLXT_CATEGORY_DESC" />
	</params>
	<files>
		<filename module="mod_pollxt">mod_pollxt.php</filename>
	</files>
    <languages>
		<language tag="pt-BR">pt-BR.mod_pollxt.ini</language>
	</languages>
</install>