<?xml version="1.0" encoding="utf-8"?>
<!DOCTYPE install SYSTEM "http://dev.joomla.org/xml/1.5/component-install.dtd">
<install type="component" version="1.5.0">
	<name>AceVersions</name>
	<author>JoomAce LLC</author>
	<creationDate>27 July 2010</creationDate>
	<copyright>2009-2010 JoomAce LLC</copyright>
	<license>GNU AGPL</license>
	<authorEmail>info@joomace.net</authorEmail>
	<authorUrl>www.joomace.net</authorUrl>
	<version>1.0.2</version>
	<description>AceVersions lhe permite gerenciar versões das extensões que você desenvolveu e incluí-los em seu site. Seus visitantes poderão conferir o histórico de versão em seu site.</description>
	
	<!-- Frontend -->
	<files folder="site">
		<!-- Files -->
		<filename>aceversions.php</filename>
		<filename>controller.php</filename>
		<filename>index.html</filename>
		<!-- Folders -->
		<folder>controllers</folder>
		<folder>models</folder>
		<folder>views</folder>
		<folder>assets</folder>
	</files>
	
	<!-- Backend -->
	<administration>
		<menu img="components/com_aceversions/assets/images/aceversions.png">AceVersions</menu>
		<submenu>
	    	<menu link="option=com_aceversions" img="components/com_aceversions/assets/images/aceversions.png">Control Panel</menu>
	    	<menu link="option=com_aceversions&amp;controller=config&amp;task=edit" img="components/com_aceversions/assets/images/icon-16-avconfig.png">Configuration</menu>
	      	<menu link="option=com_aceversions&amp;controller=extensions&amp;task=view" img="components/com_aceversions/assets/images/icon-16-avextensions.png">Extensions</menu>
	      	<menu link="option=com_aceversions&amp;controller=categories&amp;task=view" img="components/com_aceversions/assets/images/icon-16-avcategories.png">Categories</menu>
	      	<menu link="option=com_aceversions&amp;controller=upgrade&amp;task=view" img="components/com_aceversions/assets/images/icon-16-avupgrade.png">Upgrade</menu>
	      	<menu link="option=com_aceversions&amp;controller=support&amp;task=support" img="components/com_aceversions/assets/images/icon-16-avsupport.png">Support</menu>
	    </submenu>
		<files folder="admin">
			<!-- Files -->
			<filename>aceversions.php</filename>
			<filename>controller.php</filename>
			<filename writable="yes">configuration.php</filename>
			<filename>toolbar.aceversions.php</filename>
			<filename>install.sql</filename>
			<filename>uninstall.sql</filename>
			<filename>index.html</filename>
			<!-- Folders -->
			<folder>assets</folder>
			<folder>controllers</folder>
			<folder>models</folder>
			<folder>tables</folder>
			<folder>views</folder>
		</files>
		<languages folder="admin/languages">
			<language tag="en-GB">en-GB/en-GB.com_aceversions.ini</language>
			<language tag="en-GB">en-GB/en-GB.com_aceversions.menu.ini</language>
			<language tag="pt-BR">pt-BR/pt-BR.com_aceversions.ini</language>
			<language tag="pt-BR">pt-BR/pt-BR.com_aceversions.menu.ini</language>
		</languages>
	</administration>
	
	<install>
		<sql>
			<file charset="utf8" driver="mysql">install.sql</file>
		</sql>
	</install>
	<uninstall>
		<sql>
			<file charset="utf8" driver="mysql">uninstall.sql</file>
		</sql>
	</uninstall>
</install>