<?xml version="1.0" encoding="utf-8"?>
<install type="module" version="1.5.0">
	<name>Latest Tags</name>
	<author>JoomlaTags.org</author>
	<creationDate>March 2009</creationDate>
	<copyright>Copyright (C)2009 joomlatags.org. All rights reserved.</copyright>
	<license>http://www.gnu.org/licenses/gpl-2.0.html GNU/GPL</license>
	<authorEmail>joomlatags@gmail.com</authorEmail>
	<authorUrl>www.joomlatags.org</authorUrl>
	<version>1.7</version>
	<description>Latest Tags Module will show the latest tags.</description>
	<files>
		<filename module="mod_latestTags">mod_latestTags.php</filename>
                <filename>helper.php</filename>            
                <filename>index.html</filename>
                <filename>tmpl/default.php</filename>
                <filename>tmpl/index.html</filename>
	</files>
	<params>
	    <param name="moduleclass_sfx" type="text" default="" label="Module Class Suffix" description="PARAMMODULECLASSSUFFIX" />
		<param name="count" type="text" default="25" label="Count" description="The number of tags to display (default is 25)" />
	</params>
	<params group="advanced">
		<param name="cache" type="list" default="1" label="Caching" description="Select whether to cache the content of this module">
			<option value="1">Use global</option>
			<option value="0">No caching</option>
		</param>
		<param name="cache_time" type="text" default="900" label="Cache Time" description="The time before the module is recached" />
	</params>
</install>
