<install type="plugin" version="1.5.0" method="upgrade" group="content">
	<name>pollXT Plugin</name>
	<creationdate>14-05-2009</creationdate>
	<author>Oli Merten</author>
	<copyright>(c) 2004 - 2009 JoomlaXT</copyright>
	<authoremail>webmaster@joomlaxt.com</authoremail>
	<authorurl>http://www.joomlaxt.com</authorurl>
	<version>2.00.01</version>
	<description><![CDATA[Use o seguinte código para incluir uma enquete do pollxt em seus itens de conteúdo:{pollxtbot id=[id]} {pollxtresultbot id=[id]} onde [id] é o id de sua enquete, ex: {pollxtbot id=10} <br />Instalação criada com <a href='http://www.joomlaxt.com'>InstallXT!</a>]]></description>
	<files>
		<filename plugin="bot_pollxt">bot_pollxt.php</filename>
	</files>
</install>