<install type="module" version="1.5.0" method="upgrade">
	<name>PollXT List Module</name>
	<creationdate>17-05-2009</creationdate>
	<author>Oli Merten</author>
	<copyright>(c) 2004 - 2009 JoomlaXT</copyright>
	<authoremail>webmaster@joomlaxt.com</authoremail>
	<authorurl>http://www.joomlaxt.com</authorurl>
	<version>2.00.00</version>
	<description>MOD_POLLXTLIST_DESC</description>
	<params>
		<param name="mod_target" type="list" default="mod" label="MOD_POLLXTLIST_DISPLAY" description="MOD_POLLXTLIST_DISPLAY_DESC">
			<option value="mod">Module</option>
			<option value="com">Component</option>
		</param>
	</params>
	<files>
		<filename module="mod_pollxtlist">mod_pollxtlist.php</filename>
	</files>
    <languages>
		<language tag="pt-BR">pt-BR.mod_pollxtlist.ini</language>
	</languages>
</install>