<?xml version="1.0" encoding="utf-8"?>
<!DOCTYPE install SYSTEM "http://dev.joomla.org/xml/1.5/component-install.dtd">
<install type="component" version="1.5.0">
	<name>jea</name>
	<!-- The following elements are optional and free of formatting conttraints -->
	<creationDate>2008 26 02</creationDate>
	<author>Sylvain Philip</author>
	<authorEmail>contact@sphilip.com</authorEmail>
	<authorUrl>http://www.sphilip.com</authorUrl>
	<copyright>Copyright (C) 2008 PHILIP Sylvain. All rights reserved.</copyright>
	<license>GNU/GPL</license>
	<!--  The version string is recorded in the components table -->
	<version>0.9</version>
	<!-- The description is optional and defaults to the name -->
	<description>Extension for real estate agency</description>

	<!-- Custom Install Script to execute -->
	<installfile>install.php</installfile>
	
	<!-- Custom Uninstall Script to execute -->
	<uninstallfile>uninstall.php</uninstallfile>

	<!-- Site Main File Copy Section -->
	<files folder="site">
		<filename>index.html</filename>
		<filename>jea.php</filename>
		<filename>view.php</filename>
		<filename>controllers/properties.php</filename>
		<filename>models/properties.php</filename>
		<filename>sef_ext/com_jea.php</filename>
		<filename>sef_ext/index.html</filename>
		<filename>views/index.html</filename>
		<filename>views/manage/index.html</filename>
		<filename>views/manage/metadata.xml</filename>
		<filename>views/manage/view.html.php</filename>
        <filename>views/manage/tmpl/default.php</filename>
        <filename>views/manage/tmpl/default.xml</filename>
		<filename>views/manage/tmpl/form.php</filename>
		<filename>views/manage/tmpl/form.xml</filename>
		<filename>views/manage/tmpl/index.html</filename>
		<filename>views/properties/index.html</filename>
		<filename>views/properties/metadata.xml</filename>
		<filename>views/properties/view.html.php</filename>
		<filename>views/properties/view.pdf.php</filename>
		<filename>views/properties/tmpl/index.html</filename>
		<filename>views/properties/tmpl/default.xml</filename>
		<filename>views/properties/tmpl/default.php</filename>
		<filename>views/properties/tmpl/default_item.php</filename>
		<filename>views/properties/tmpl/search.php</filename>
		<filename>views/properties/tmpl/search.xml</filename>
	</files>
	
	<!-- Site Main Language File Copy Section -->
	<languages folder="site/language">
		<language tag="en-GB">en-GB.com_jea.ini</language>
		<language tag="fr-FR">fr-FR.com_jea.ini</language>
	</languages>
	
	<!-- Site Main Media File Copy Section -->
	<media destination="com_jea" folder="medias" >
		<filename>css/jea.css</filename>
		<filename>css/jea.admin.css</filename>
		<filename>css/print.css</filename>
		<filename>images/logo.png</filename>
		<filename>images/media_trash.png</filename>
		<filename>images/header/icon-48-jea.png</filename>
		<filename>images/menu/icon-16-jea.png</filename>
		<filename>js/jea.js</filename>
		<filename>js/search.js</filename>
	</media>
	
	<install>
		<sql>
			<file charset="utf8" driver="mysql">sql/install.mysql.utf8.sql</file>
		</sql>
	</install>
	<uninstall>
		<sql>
			<file charset="utf8" driver="mysql">sql/uninstall.mysql.utf8.sql</file>
		</sql>
	</uninstall>

	<administration>
	
		<!-- Administration Menu Section -->
		<menu img="../media/com_jea/images/menu/icon-16-jea.png" >Joomla Estate Agency</menu>
		<submenu>
			<!-- Note that all & must be escaped to &amp; for the file to be valid XML and be parsed by the installer -->
			<!--<menu link="option=index.php?option=com_jea&controller=properties&cat=renting">Renting management</menu>-->
			<!-- Instead of link you can specify individual link attributes -->
			<menu img="icon" link="option=com_jea&amp;controller=properties&amp;cat=renting">Renting management</menu>
			<menu img="icon" link="option=com_jea&amp;controller=properties&amp;cat=selling">Selling management</menu>
			<menu img="icon" controller="features">Properties features</menu>
			<menu img="icon" controller="config">Configuration</menu>
		</submenu>
		
		<!-- Administration Main File Copy Section -->
		<!-- Note the folder attribute: This attribute describes the folder
			to copy FROM in the package to install therefore files copied
			in this section are copied from /admin/ in the package -->
		<files folder="admin">
			<filename>admin.jea.php</filename>
			<filename>index.html</filename>
			<filename>config.xml</filename>
			<filename>jea.class.php</filename>
			<filename>NEWS.txt</filename>
			<filename>LICENCE.txt</filename>
			<filename>controllers/index.html</filename>
			<filename>controllers/config.php</filename>
			<filename>controllers/default.php</filename>
			<filename>controllers/features.php</filename>
			<filename>controllers/properties.php</filename>
			<filename>elements/index.html</filename>
			<filename>elements/areas.php</filename>
			<filename>elements/departments.php</filename>
			<filename>elements/towns.php</filename>
			<filename>elements/types.php</filename>
			<filename>joomfish/jea_advantages.xml</filename>
			<filename>joomfish/jea_conditions.xml</filename>
			<filename>joomfish/jea_heatingtypes.xml</filename>
			<filename>joomfish/jea_hotwatertypes.xml</filename>
			<filename>joomfish/jea_properties.xml</filename>
			<filename>joomfish/jea_slogans.xml</filename>
			<filename>joomfish/jea_types.xml</filename>
			<filename>joomfish/index.html</filename>
			<filename>library/index.html</filename>
			<filename>library/Http_File.php</filename>
			<filename>library/JSON.php</filename>
			<filename>library/Gd/index.html</filename>
			<filename>library/Gd/Abstract.php</filename>
			<filename>library/Gd/Transform.php</filename>
			<filename>library/Gd/Color.php</filename>
			<filename>models/index.html</filename>
			<filename>models/Config.xml</filename>
			<filename>models/features.php</filename>
			<filename>models/properties.php</filename>
			<filename>tables/index.html</filename>
			<filename>tables/advantages.php</filename>
			<filename>tables/areas.php</filename>
			<filename>tables/conditions.php</filename>
			<filename>tables/departments.php</filename>
			<filename>tables/heatingtypes.php</filename>
			<filename>tables/hotwatertypes.php</filename>
			<filename>tables/properties.php</filename>
			<filename>tables/slogans.php</filename>
			<filename>tables/towns.php</filename>
			<filename>tables/types.php</filename>
			<filename>views/index.html</filename>
			<filename>views/config/view.html.php</filename>
			<filename>views/config/tmpl/default.php</filename>
			<filename>views/default/view.html.php</filename>
			<filename>views/default/tmpl/default.php</filename>
			<filename>views/features/view.html.php</filename>
			<filename>views/features/tmpl/default.php</filename>
			<filename>views/features/tmpl/default_form.php</filename>
			<filename>views/properties/view.html.php</filename>
			<filename>views/properties/tmpl/default.php</filename>
			<filename>views/properties/tmpl/default_form.php</filename>
			<filename>sql/install.mysql.utf8.sql</filename>
			<filename>sql/uninstall.mysql.utf8.sql</filename>
		</files>
		
		<!-- Administration Language File Copy Section -->
		<languages folder="admin/language">
			<language tag="en-GB">en-GB.com_jea.ini</language>
			<language tag="en-GB">en-GB.com_jea.menu.ini</language>
			<language tag="fr-FR">fr-FR.com_jea.ini</language>
			<language tag="fr-FR">fr-FR.com_jea.menu.ini</language>
		</languages>
	</administration>
</install>
