<?xml version="1.0" encoding="utf-8"?>
<install type="acesef_ext" version="1.5.0">
	<name>Banners</name>
	<author>JoomAce LLC</author>
	<creationDate>August 2009</creationDate>
	<copyright>(C) 2009 JoomAce LLC</copyright>
	<license>Combined License, http://www.joomace.net/company/license</license>
	<authorEmail>info@joomace.net</authorEmail>
	<authorUrl>www.joomace.net</authorUrl>
	<version>1.2.2</version>
	<description>Banners extension for AceSEF.</description>
	<extension>com_banners</extension>
	<files>
		<filename acesef_ext="com_banners">com_banners.php</filename>
		<filename acesef_ext="com_banners">com_banners.xml</filename>
	</files>
	<params group="sef">
		<param name="numeral_duplicated" type="list" default="global" label="Numeral duplicated URLs" description="If set to YES, a numeral suffix will be added to duplicated SEF URLs.">
 			<option value="global">Use Global</option>
 			<option value="yes">Yes</option>
 			<option value="no">No</option>
 		</param>
		<param name="record_duplicated" type="list" default="global" label="Record duplicated SEF" description="If set to Yes, all non-SEF URLs that yield the same SEF URL will be recorded. This will allow you to choose which one you prefer, assigning it as Used.">
 			<option value="global">Use Global</option>
 			<option value="yes">Yes</option>
 			<option value="no">No</option>
 		</param>
		<param name="non_sef_vars" type="textarea" cols="30" rows="3" default="" label="non-SEF variables" description="Here you can specify custom non-SEF variables separated by comma and space like: var1, var2, var3" />
		<param name="disable_sef_vars" type="textarea" cols="30" rows="3" default="" label="disable-SEF variables" description="Here you can specify custom disable-SEF variables separated by comma and space like: var1, var2, var3" />
		<param type="spacer" default="&lt;hr/&gt;" />
		<param name="banner_part" type="list" default="global" label="Banner URL part" description="Banner URL part.">
 			<option value="global">Use Global</option>
 			<option value="title">Title</option>
 			<option value="alias">Alias</option>
 		</param>
		<param type="spacer" default="&lt;hr/&gt;" />
		<param name="bannerid_inc" type="radio" default="1" label="Add banner ID to URL" description="If set to Yes, banner ID will be prepended to banner name.">
 			<option value="1">No</option>
 			<option value="2">Yes</option>
 		</param>
	</params>
</install>