<?xml version="1.0" ?>
  <install  version="1.5.0" type="module">
    <name>eWeather Forecast</name>
    <creationDate>November 2009</creationDate>
    <author>Bob Lavey</author>
    <authorEmail>bob.lavey@robertjlavey.com</authorEmail>
    <authorUrl>www.robertjlavey.com</authorUrl>
	<copyright>2009 Bob Lavey</copyright>
    <license>http://www.gnu.org/licenses/gpl.txt GNU/GPL</license>
    <version>1.3.4</version>
    <description>Shows weather forecast as a module</description>
    <files>
      <filename module="mod_eweather_forecast">mod_eweather_forecast.php</filename>
      <filename>helper.php</filename>
    </files>
    <params>
      <param name="numberOfForecastDays" type="list" default="5" label="Forecast Days" description="How many forecast days should be shown in the module?" >
      	<option value="1">1</option>
		<option value="2">2</option>
		<option value="3">3</option>
		<option value="4">4</option>
		<option value="5">5</option>
	  </param>param>
      <param name="forecastsPerRow" type="list" default="1" label="Forecasts Per Row" description="How many forecasts should be shown on each row?" >
      	<option value="1">1</option>
		<option value="2">2</option>
		<option value="3">3</option>
		<option value="4">4</option>
		<option value="5">5</option>
	  </param>param>
      <param name="showCitySelector" type="radio" default="0" label="Select your city" description="Show or hide an option that allows users to select their own city from the module." >
      	<option value="0">Hide</option>
		<option value="1">Show</option>
	  </param>param>
      <param name="moduleclass_sfx" type="text" default="" label="Module Class Suffix" description="A suffix to be applied to the css class of the module (table.moduletable), this allows individual module styling" />
    </params>
  </install>