<?xml version="1.0" encoding="utf-8"?>
<install type="module" version="1.5.0">
	<name>Show Avatar Identica Module</name>
    <author>Roberson Carlos AKA robersonfox</author>
    <creationDate>Jan 2010</creationDate>
    <copyright>(C) 2009-2010 Roberson Carlos AKA robersonfox</copyright>
    <license>GNU/GPL</license>
    <authorEmail>robersonfox@genovaengine.com</authorEmail>
    <authorUrl>http://carlrobers.wordpress.com/</authorUrl>
	<version>0.1</version>
	<description>This module show avatars from latest updates from Identi.ca - GNU/GPL v2 (C) 2009-2010 Roberson Carlos AKA robersonfox</description>
	<files>
		<filename module="mod_ShowAvatarIdentica">mod_ShowAvatarIdentica.php</filename>
		<filename>helper.php</filename>
		<filename>index.html</filename>
		<filename >tmpl/index.html</filename>
		<filename >tmpl/default.php</filename>
	</files>
	<params>
		<param name="show_updates_on" type="text" default="graficalivre" label="Show Avatar for" description="" />
		<param name="limit" type="text" default="16" label="Avatars number" description="Number of avatars to display" />
		<param name="h" type="text" default="48" label="Height" description="Avatars Height" />
		<param name="w" type="text" default="48" label="Width" description="Avatars Width" />
		<param name="br" type="text" default="4" label="Breake" description="Breake line" />

        <param name="show_image" type="list" default="1" label="Show Avatar" description="Enable or Disable avatar">
			<option value="0">False</option>
			<option value="1">True</option>
		</param>
		<param name="moduleclass_sfx" type="text" default="" label="Module Class Suffix" description="PARAMMODULECLASSSUFFIX" />
		
	</params>
</install>
