<?xml version="1.0" encoding="utf-8"?>
<install version="1.5" type="plugin" group="content">
  <name>Content - Core Design Access Text plugin</name>
  <author>Daniel Rataj</author>
  <creationDate>February 12th, 2009</creationDate>
  <copyright>(C) 2007-2009 GreatJoomla.com</copyright>
 <license>http://www.gnu.org/licenses/gpl.html GNU/GPL</license>
  <authorEmail>info@greatjoomla.com</authorEmail>
  <authorUrl>www.greatjoomla.com</authorUrl>
  <version>1.0.2</version>
  <description>DESC_CDACCESSTEXT</description>
  <files>
    <filename plugin="cdaccesstext">cdaccesstext.php</filename>
    <filename>cdaccesstext/index.html</filename>
    <filename>cdaccesstext/license-gpl.txt</filename>
  </files>
  <languages>
  	<language tag="en-GB">en-GB.plg_content_cdaccesstext.ini</language>
   </languages>
  <params>
  <param name="set_mode" type="list" default="password" label="LABEL_MODE" description="DESC_MODE">
  <option value="user">PARAM_MODE_USER</option>
  <option value="level">PARAM_MODE_LEVEL</option>
  <option value="level">PARAM_MODE_FACL</option>
  </param>
  <param name="disable" type="list" default="yes" label="LABEL_DISABLE" description="DESC_DISABLE">
  <option value="yes">PARAM_DISABLE_YES</option>
  <option value="no">PARAM_DISABLE_NO</option>
  </param>
  </params>
</install>
