<?xml version="1.0" encoding="utf-8"?>
<install type="module" version="1.5.0">
	<name>Custom Tags Cloud</name>
	<author>joomlatags.org</author>
	<creationDate>March 2009</creationDate>
	<copyright>Copyright (C)2009 joomlatags.org. All rights reserved.</copyright>
	<license>http://www.gnu.org/licenses/gpl-2.0.html GNU/GPL</license>
	<authorEmail>joomlatags@gmail.com</authorEmail>
	<authorUrl>www.joomlatags.org</authorUrl>
	<version>1.0</version>
	<description>CustomTags module show tags just as you wish.</description>
	<files>
		<filename module="mod_customTagsCloud">mod_customTagsCloud.php</filename>
                <filename>helper.php</filename>               
                <filename>index.html</filename>
                <filename>tmpl/default.php</filename>
                <filename>tmpl/index.html</filename>
	</files>
	<params>
	<param name="moduleclass_sfx" type="text" default="" label="Module Class Suffix" description="PARAMMODULECLASSSUFFIX" />
	<param name="tagsForSelection" type="sql"  query="select id,concat(id,'  ',name) as name from #__tag_term;" key_field="id" value_field="name"   label="Tags Look Up" description="Look up tags id, and input them into Custom Tags Ids"  rows="8" cols="40" />
    <param name="tagIds" type="text" default="" label="Custom Tags Ids" description="Put the important tags in front, seperator with comma ','." size="60" />
	</params>
	<params group="advanced">
		<param name="cache" type="list" default="1" label="Caching" description="Select whether to cache the content of this module">
			<option value="1">Use global</option>
			<option value="0">No caching</option>
		</param>
		<param name="cache_time" type="text" default="900" label="Cache Time" description="The time before the module is recached" />
	</params>
</install>
