<?xml version="1.0" encoding="UTF-8"?>

<joomfish type="contentelement">
<name>jea_conditions</name>
<author>S. Philip</author>
<version>2.0</version>
<description>Conditions definition for JEA component</description>
<reference type="jea_conditions">
<table name="jea_conditions">
<field type="referenceid" name="id" translate="0">ID</field>
<field type="titletext" name="value" translate="1">Value</field>
<field type="text" name="ordering" translate="0">Ordering</field>
</table>
</reference>
</joomfish>