<?xml version="1.0" encoding="utf-8" ?>
<extension type="package" version="2.5">
	<name>Pacote de Idiomas em Português Brasileiro</name>
	<packagename>pt-BR</packagename>
	<version>2.5.6.2</version>
    <creationDate>August 2012</creationDate>
    <author>Joomla Brasil</author>
	<authorEmail>traducao@joomla.com.br</authorEmail>
	<authorUrl>www.joomla.com.br</authorUrl>
	<packager>ariadneduvessa</packager>
	<packagerUrl>http://joomlacode.org/gf/project/portuguesebr/</packagerUrl>
    <description><![CDATA[
				Arquivos de Idioma em Português Brasileiro para o CMS Joomla! 2.5<br/>
				Copyright 2005 - 2012 Open Source Matters. Todos os Direitos Reservados. Copyright Translation 2005 - 2012 Joomla Brasil. Todos os Direitos Reservados.<br/>
				De acordo com termo de licenciamento de <a href="http://www.opensourcematters.org" target="_blank">OpenSourceMatters</a> e <a href="http://www.joomla.org" target="_blank">Joomla!</a> todos os arquivos de idioma devem ser licenciados sob a <a href="http://www.gnu.org/licenses/gpl-2.0.html" target="_blank"> licença GNU/GPL (v.2.0)</a>. Esta tradução está licenciada sob esta licença. Se você encontrar algum erro de digitação, traduções incorretas ou se deseja sugerir melhorias, entre em contato com o <a href="mailto:traducao@joomla.com.br">coordenador</a> da tradução ou junte-se a nós no <a href="https://github.com/joomlabrasil" target="_blank">github Joomla! Brasil</a> e contribua diretamente com o projeto.<br/><br/>
				]]>
	</description>

	<files>
		<file type="language" client="site" id="pt-BR">site_pt-BR.zip</file>
		<file type="language" client="administrator" id="pt-BR">admin_pt-BR.zip</file>
	</files>
	
	<updateservers>
        <server type="collection" priority="1" name="Accredited Joomla! Translations">http://update.joomla.org/language/translationlist.xml</server>
    </updateservers>
	
</extension>