﻿<?xml version="1.0" encoding="utf-8"?>
<install type="component" version="1.5.0">
<name>BibliaDigital</name>
<author>Ferax Informática</author>
<creationDate>Janeiro 2009</creationDate>
<copyright>Estudo Bíblico - http://www.estudobiblico.org</copyright>
<authorEmail>leonardo@ferax.inf.br</authorEmail>
<authorUrl>www.ferax.inf.br</authorUrl>
<version>1.0.1</version>
<license>GPL</license>
<description>http://www.estudobiblico.org</description>
<installfile>install.bibliadigital.php</installfile>
<uninstallfile>uninstall.bibliadigital.php</uninstallfile>
<install>
    <sql>
        <file driver="mysql" charset="utf8">install.mysql.sql</file>
        <file driver="mysql" charset="utf8">sql/install.mysql.livros.sql</file>
        <file driver="mysql" charset="utf8">sql/install.mysql.Gn.sql</file>
        <file driver="mysql" charset="utf8">sql/install.mysql.Ex.sql</file>
        <file driver="mysql" charset="utf8">sql/install.mysql.Lv.sql</file>
        <file driver="mysql" charset="utf8">sql/install.mysql.Nm.sql</file>
        <file driver="mysql" charset="utf8">sql/install.mysql.Dt.sql</file>
        <file driver="mysql" charset="utf8">sql/install.mysql.Js.sql</file>
        <file driver="mysql" charset="utf8">sql/install.mysql.Jz.sql</file>
        <file driver="mysql" charset="utf8">sql/install.mysql.Rt.sql</file>
        <file driver="mysql" charset="utf8">sql/install.mysql.1Sm.sql</file>
        <file driver="mysql" charset="utf8">sql/install.mysql.2Sm.sql</file>
        <file driver="mysql" charset="utf8">sql/install.mysql.1Rs.sql</file>
        <file driver="mysql" charset="utf8">sql/install.mysql.2Rs.sql</file>
        <file driver="mysql" charset="utf8">sql/install.mysql.1Cr.sql</file>
        <file driver="mysql" charset="utf8">sql/install.mysql.2Cr.sql</file>
        <file driver="mysql" charset="utf8">sql/install.mysql.Ed.sql</file>
        <file driver="mysql" charset="utf8">sql/install.mysql.Ne.sql</file>
        <file driver="mysql" charset="utf8">sql/install.mysql.Et.sql</file>
        <file driver="mysql" charset="utf8">sql/install.mysql.Jo.sql</file>
        <file driver="mysql" charset="utf8">sql/install.mysql.Sl.sql</file>
        <file driver="mysql" charset="utf8">sql/install.mysql.Pv.sql</file>
        <file driver="mysql" charset="utf8">sql/install.mysql.Ec.sql</file>
        <file driver="mysql" charset="utf8">sql/install.mysql.Ct.sql</file>
        <file driver="mysql" charset="utf8">sql/install.mysql.Is.sql</file>
        <file driver="mysql" charset="utf8">sql/install.mysql.Jr.sql</file>
        <file driver="mysql" charset="utf8">sql/install.mysql.Lm.sql</file>
        <file driver="mysql" charset="utf8">sql/install.mysql.Ez.sql</file>
        <file driver="mysql" charset="utf8">sql/install.mysql.Dn.sql</file>
        <file driver="mysql" charset="utf8">sql/install.mysql.Os.sql</file>
        <file driver="mysql" charset="utf8">sql/install.mysql.Jl.sql</file>
        <file driver="mysql" charset="utf8">sql/install.mysql.Am.sql</file>
        <file driver="mysql" charset="utf8">sql/install.mysql.Ob.sql</file>
        <file driver="mysql" charset="utf8">sql/install.mysql.Jn.sql</file>
        <file driver="mysql" charset="utf8">sql/install.mysql.Mq.sql</file>
        <file driver="mysql" charset="utf8">sql/install.mysql.Na.sql</file>
        <file driver="mysql" charset="utf8">sql/install.mysql.Hc.sql</file>
        <file driver="mysql" charset="utf8">sql/install.mysql.Sf.sql</file>
        <file driver="mysql" charset="utf8">sql/install.mysql.Ag.sql</file>
        <file driver="mysql" charset="utf8">sql/install.mysql.Zc.sql</file>
        <file driver="mysql" charset="utf8">sql/install.mysql.Ml.sql</file>
        <file driver="mysql" charset="utf8">sql/install.mysql.Mt.sql</file>
        <file driver="mysql" charset="utf8">sql/install.mysql.Mc.sql</file>
        <file driver="mysql" charset="utf8">sql/install.mysql.Lc.sql</file>
        <file driver="mysql" charset="utf8">sql/install.mysql.JOA.sql</file>
        <file driver="mysql" charset="utf8">sql/install.mysql.At.sql</file>
        <file driver="mysql" charset="utf8">sql/install.mysql.Rm.sql</file>
        <file driver="mysql" charset="utf8">sql/install.mysql.1Co.sql</file>
        <file driver="mysql" charset="utf8">sql/install.mysql.2Co.sql</file>
        <file driver="mysql" charset="utf8">sql/install.mysql.Gl.sql</file>
        <file driver="mysql" charset="utf8">sql/install.mysql.Ef.sql</file>
        <file driver="mysql" charset="utf8">sql/install.mysql.Fp.sql</file>
        <file driver="mysql" charset="utf8">sql/install.mysql.Cl.sql</file>
        <file driver="mysql" charset="utf8">sql/install.mysql.1Ts.sql</file>
        <file driver="mysql" charset="utf8">sql/install.mysql.2Ts.sql</file>
        <file driver="mysql" charset="utf8">sql/install.mysql.1Tm.sql</file>
        <file driver="mysql" charset="utf8">sql/install.mysql.2Tm.sql</file>
        <file driver="mysql" charset="utf8">sql/install.mysql.Tt.sql</file>
        <file driver="mysql" charset="utf8">sql/install.mysql.Fm.sql</file>
        <file driver="mysql" charset="utf8">sql/install.mysql.Hb.sql</file>
        <file driver="mysql" charset="utf8">sql/install.mysql.Tg.sql</file>
        <file driver="mysql" charset="utf8">sql/install.mysql.1Pe.sql</file>
        <file driver="mysql" charset="utf8">sql/install.mysql.2Pe.sql</file>
        <file driver="mysql" charset="utf8">sql/install.mysql.1Jo.sql</file>
        <file driver="mysql" charset="utf8">sql/install.mysql.2Jo.sql</file>
        <file driver="mysql" charset="utf8">sql/install.mysql.3Jo.sql</file>
        <file driver="mysql" charset="utf8">sql/install.mysql.Jd.sql</file>
        <file driver="mysql" charset="utf8">sql/install.mysql.Ap.sql</file>
    </sql>
</install>

<uninstall>
    <sql>
    <file driver="mysql" charset="utf8">uninstall.mysql.sql</file>
    </sql>
</uninstall>

<files>
    <filename>index.html</filename>
    <filename>controller.php</filename>
    <filename>bibliadigital.php</filename>
    <filename>router.php</filename>
    <filename>models/index.html</filename>
    <filename>models/all.php</filename>
    <filename>views/all/index.html</filename>
    <filename>views/all/view.html.php</filename>
    <filename>views/all/tmpl/index.html</filename>
    <filename>views/all/tmpl/default.php</filename>
    <filename>css/index.html</filename>
    <filename>css/style.css</filename>
</files>

<languages folder="lang">
    <language tag="pt-BR">pt-BR.com_bibliadigital.ini</language>
</languages>

<administration>
    <menu>Bíblia Digital</menu>
    <menu link="option=com_bibliadigital">Bíblia Digital</menu>
    <files folder="admin">
        <filename>index.html</filename>
        <filename>install.mysql.sql</filename>
        <filename>sql/index.html</filename>
        <filename>sql/install.mysql.livros.sql</filename>
        <filename>sql/install.mysql.Gn.sql</filename>
        <filename>sql/install.mysql.Ex.sql</filename>
        <filename>sql/install.mysql.Lv.sql</filename>
        <filename>sql/install.mysql.Nm.sql</filename>
        <filename>sql/install.mysql.Dt.sql</filename>
        <filename>sql/install.mysql.Js.sql</filename>
        <filename>sql/install.mysql.Jz.sql</filename>
        <filename>sql/install.mysql.Rt.sql</filename>
        <filename>sql/install.mysql.1Sm.sql</filename>
        <filename>sql/install.mysql.2Sm.sql</filename>
        <filename>sql/install.mysql.1Rs.sql</filename>
        <filename>sql/install.mysql.2Rs.sql</filename>
        <filename>sql/install.mysql.1Cr.sql</filename>
        <filename>sql/install.mysql.2Cr.sql</filename>
        <filename>sql/install.mysql.Ed.sql</filename>
        <filename>sql/install.mysql.Ne.sql</filename>
        <filename>sql/install.mysql.Et.sql</filename>
        <filename>sql/install.mysql.Jo.sql</filename>
        <filename>sql/install.mysql.Sl.sql</filename>
        <filename>sql/install.mysql.Pv.sql</filename>
        <filename>sql/install.mysql.Ec.sql</filename>
        <filename>sql/install.mysql.Ct.sql</filename>
        <filename>sql/install.mysql.Is.sql</filename>
        <filename>sql/install.mysql.Jr.sql</filename>
        <filename>sql/install.mysql.Lm.sql</filename>
        <filename>sql/install.mysql.Ez.sql</filename>
        <filename>sql/install.mysql.Dn.sql</filename>
        <filename>sql/install.mysql.Os.sql</filename>
        <filename>sql/install.mysql.Jl.sql</filename>
        <filename>sql/install.mysql.Am.sql</filename>
        <filename>sql/install.mysql.Ob.sql</filename>
        <filename>sql/install.mysql.Jn.sql</filename>
        <filename>sql/install.mysql.Mq.sql</filename>
        <filename>sql/install.mysql.Na.sql</filename>
        <filename>sql/install.mysql.Hc.sql</filename>
        <filename>sql/install.mysql.Sf.sql</filename>
        <filename>sql/install.mysql.Ag.sql</filename>
        <filename>sql/install.mysql.Zc.sql</filename>
        <filename>sql/install.mysql.Ml.sql</filename>
        <filename>sql/install.mysql.Mt.sql</filename>
        <filename>sql/install.mysql.Mc.sql</filename>
        <filename>sql/install.mysql.Lc.sql</filename>
        <filename>sql/install.mysql.JOA.sql</filename>
        <filename>sql/install.mysql.At.sql</filename>
        <filename>sql/install.mysql.Rm.sql</filename>
        <filename>sql/install.mysql.1Co.sql</filename>
        <filename>sql/install.mysql.2Co.sql</filename>
        <filename>sql/install.mysql.Gl.sql</filename>
        <filename>sql/install.mysql.Ef.sql</filename>
        <filename>sql/install.mysql.Fp.sql</filename>
        <filename>sql/install.mysql.Cl.sql</filename>
        <filename>sql/install.mysql.1Ts.sql</filename>
        <filename>sql/install.mysql.2Ts.sql</filename>
        <filename>sql/install.mysql.1Tm.sql</filename>
        <filename>sql/install.mysql.2Tm.sql</filename>
        <filename>sql/install.mysql.Tt.sql</filename>
        <filename>sql/install.mysql.Fm.sql</filename>
        <filename>sql/install.mysql.Hb.sql</filename>
        <filename>sql/install.mysql.Tg.sql</filename>
        <filename>sql/install.mysql.1Pe.sql</filename>
        <filename>sql/install.mysql.2Pe.sql</filename>
        <filename>sql/install.mysql.1Jo.sql</filename>
        <filename>sql/install.mysql.2Jo.sql</filename>
        <filename>sql/install.mysql.3Jo.sql</filename>
        <filename>sql/install.mysql.Jd.sql</filename>
        <filename>sql/install.mysql.Ap.sql</filename>
        <filename>uninstall.mysql.sql</filename>
        <filename>tables/index.html</filename>
        <filename>tables/versiculo.php</filename>
        <filename>tables/livro.php</filename>
        <filename>admin.bibliadigital.html.php</filename>
        <filename>admin.bibliadigital.php</filename>
        <filename>controller.php</filename>
    </files>
</administration>
</install>