<?xml version="1.0" encoding="utf-8"?>
<install type="module" version="1.5.0">
	<name>RokBridge Latest Posts</name>
	<author>RocketTheme, LLC</author>
	<creationDate>November 5, 2010</creationDate>
	<authorEmail>support@rockettheme.com</authorEmail>
	<authorUrl>http://www.rockettheme.com</authorUrl>
	<copyright>(C) 2005 - 2010 RocketTheme, LLC. All rights reserved.</copyright>
	<license>http://www.gnu.org/copyleft/gpl.html GNU/GPL</license>
	<version>1.0-RC14</version>
	<description>The RokBridge Latest Posts module shows the latest posts from a RokBridge enabled phpBB3 forum. This module is based on Ron Severdia's version.</description>
	<files>
		<filename module="mod_rokbridge_latest_posts">mod_rokbridge_latest_posts.php</filename>
		<filename>helper.php</filename>
		<filename>index.html</filename>
		<folder>tmpl</folder>
	</files>
	<languages>
		<language tag="en-GB">en-GB.mod_rokbridge_latest_posts.ini</language>
	</languages>
	<params>
		<param name="forumincl" type="text" default="" label="ROKBRIDGE_FORUMINCLUDE_LABEL" description="ROKBRIDGE_FORUMINCLUDE_DESC" />
		<param name="forumexcl" type="text" default="" label="ROKBRIDGE_FORUMEXCLUDE_LABEL" description="ROKBRIDGE_FORUMEXCLUDE_DESC" />
		<param name="limit" type="text" default="5" label="ROKBRIDGE_NUMBEROFPOSTS_LABEL" description="ROKBRIDGE_NUMBEROFPOSTS_DESC" />
		<param name="formatdate" type="list" default="%d/%m/%Y %H:%M" label="ROKBRIDGE_DATEFORMAT_LABEL" description="ROKBRIDGE_DATEFORMAT_DESC">
			<option value="%d/%m/%Y %H:%M">22/10/2008 12:30</option>
			<option value="%m/%d/%Y %H:%M">10/22/2008 12:30</option>
			<option value="%d/%m/%Y">22/10/2008</option>
			<option value="%m/%d/%Y">10/22/2008</option>
			<option value="%d %B %Y %H:%M">22 October 2008 12:30</option>
			<option value="%B %d, %Y %H:%M">October 22, 2008 12:30</option>
			<option value="%d %b. %Y %H:%M">22 Oct. 2008 12:30</option>
			<option value="%b. %d, %Y %H:%M">Oct. 22, 2008 12:30</option>
		</param>
		<param name="showcreated" type="radio" default="0" label="ROKBRIDGE_ACTIVECREATED_LABEL" description="ROKBRIDGE_ACTIVECREATED_DESC">
			<option value="0">ROKBRIDGE_SHOWACTIVE</option>
			<option value="1">ROKBRIDGE_SHOWCREATED</option>
		</param>
		<param name="directpost" type="radio" default="0" label="ROKBRIDGE_DIRECTPOST_LABEL" description="ROKBRIDGE_DIRECTPOST_DESC">
			<option value="0">ROKBRIDGE_NO</option>
			<option value="1">ROKBRIDGE_YES</option>
		</param>
		<param name="showre" type="radio" default="1" label="ROKBRIDGE_SHOWRE_LABEL" description="ROKBRIDGE_SHOWRE_DESC">
			<option value="0">ROKBRIDGE_NO</option>
			<option value="1">ROKBRIDGE_YES</option>
		</param>
		<param name="posttargetwin" type="list" default="_top" label="ROKBRIDGE_POSTTARGET_WINDOW_LABEL" description="ROKBRIDGE_POSTTARGET_WINDOW_DESC">
			<option value="_top">_top</option>
			<option value="_blank">_blank</option>
			<option value="_parent">_parent</option>
			<option value="_self">_self</option>
		</param>
		<param name="showprofilelink" type="radio" default="0" label="ROKBRIDGE_SHOWPROFILE_LABEL" description="ROKBRIDGE_SHOWPROFILE_DESC">
			<option value="0">ROKBRIDGE_NO</option>
			<option value="1">ROKBRIDGE_YES</option>
		</param>
		<param name="profiletargetwin" type="list" default="_top" label="ROKBRIDGE_PROFTARGET_WINDOW_LABEL" description="ROKBRIDGE_PROFTARGET_WINDOW_DESC">
			<option value="_top">_top</option>
			<option value="_blank">_blank</option>
			<option value="_parent">_parent</option>
			<option value="_self">_self</option>
		</param>
  	</params>
	<params group="advanced">
		<param name="cache" type="list" default="1" label="ROKBRIDGE_CACHE_LABEL" description="ROKBRIDGE_CACHE_DESC">
			<option value="1">ROKBRIDGE_CACHE_GLOBAL</option>
			<option value="0">ROKBRIDGE_CACHE_OFF</option>
		</param>
		<param name="cache_time" type="text" default="15" label="ROKBRIDGE_CACHE_TIME_LABEL" description="ROKBRIDGE_CACHE_TIME_DESC" />
		<param name="moduleclass_sfx" type="text" default="" label="PARAMMODULECLASSSUFFIX_LABEL" description="PARAMMODULECLASSSUFFIX" />
	</params>
</install>