<?xml version="1.0" encoding="utf-8"?>
<!DOCTYPE install PUBLIC "-//Joomla! 1.6//DTD template 1.0//EN" "http://www.joomla.org/xml/dtd/1.6/template-install.dtd">
<extension
	type="template"
	version="2.5"
	client="administrator">
	<name>bluestork</name>
	<creationDate>07/02/09</creationDate>
	<author>Joomla! Project</author>
	<authorEmail>admin@joomla.org</authorEmail>
	<authorUrl>www.joomla.org</authorUrl>
	<copyright>Copyright (C) 2005 - 2012 Open Source Matters, Inc. All rights reserved.</copyright>
	<license>GNU General Public License version 2 or later; see LICENSE.txt</license>
	<version>2.5.0</version>
	<description>TPL_BLUESTORK_XML_DESCRIPTION</description>
	<files>
		<filename>index.php</filename>
		<filename>login.php</filename>
		<filename>cpanel.php</filename>
		<filename>jcb_logo1.png</filename>
		</files>	
</extension>
