<?xml version="1.0" ?>
  <install  version="1.5.0" type="module">
    <name>eWeather</name>
    <creationDate>November 2009</creationDate>
    <author>Harald Baer and Bob Lavey</author>
    <authorEmail>bob.lavey@robertjlavey.com</authorEmail>
    <authorUrl>www.robertjlavey.com</authorUrl>
	<copyright>
		2000 - 2006 MamboBaer.de (Harald Baer),
		2009 Bob Lavey
	</copyright>
    <license>http://www.gnu.org/licenses/gpl.txt GNU/GPL</license>
    <version>1.2.10</version>
    <description>Shows weather current conditions as a module</description>
    <files>
      <filename module="mod_eweather">mod_eweather.php</filename>
      <filename>helper.php</filename>
    </files>
    <params>
      <param name="showCitySelector" type="radio" default="0" label="Select your city" description="Show or hide an option that allows users to select their own city from the module." >
      	<option value="0">Hide</option>
		<option value="1">Show</option>
	  </param>param>
      <param name="moduleclass_sfx" type="text" default="" label="Module Class Suffix" description="A suffix to be applied to the css class of the module (table.moduletable), this allows individual module styling" />
    </params>
  </install>