<?xml version="1.0" encoding="utf-8"?>
<install version="1.5" type="plugin" group="content" method="upgrade">
    <name>Content - Article Suggestions</name>
    <author>CoreJoomla.com</author>
    <creationDate>18 Nov 2009</creationDate>

    <copyright>GNU/GPLv2</copyright>
    <license>http://www.gnu.org/copyleft/gpl.html GNU/GPL</license>
    <authorEmail>support@corejoomla.com</authorEmail>
    <authorUrl>www.corejoomla.com</authorUrl>
    <version>1.0.0</version>
    <description>ARTICLE_SUGGESIONS</description>
    <files>
        <filename plugin="articlesuggestions">articlesuggestions.php</filename>
        <folder>asuggestions</folder>
    </files>
    <languages folder="language">
        <language tag="en-GB">en-GB/en-GB.plg_content_articlesuggestions.ini</language>
        <language tag="pt-BR">pt-BR/pt-BR.plg_content_articlesuggestions.ini</language>
    </languages>
    <params>
        <param name="show_author_articles" type="radio" default="0" label="LBL_SHOW_AUTHOR_ARTICLES" description="LBL_SHOW_AUTHOR_ARTICLES_DESC">
        	<option value="1">LA_SHOW</option>
					<option value="0">LA_HIDE</option>
        </param>
        <param name="show_related_articles" type="radio" default="0" label="LBL_SHOW_RELATED_ARTICLES" description="LBL_SHOW_RELATED_ARTICLES_DESC">
        	<option value="1">LA_SHOW</option>
					<option value="0">LA_HIDE</option>
        </param>
        <param name="author_count" type="text" default="5" label="LBL_AUTHOR_COUNT" description="LBL_AUTHOR_COUNT_DESC"/>
        <param name="related_count" type="text" default="5" label="LBL_RELATED_COUNT" description="LBL_RELATED_COUNT_DESC"/>
        <param name="min_chars" type="text" default="3" label="LBL_MIN_CHARS" description="LBL_MIN_CHARS_DESC"/>
        <param name="excludes" type="textarea" default="" cols="20" rows="3" label="LBL_EXCLUDE_KEYWORDS" description="LBL_EXCLUDE_KEYWORDS_DESC"/>
        <param name="@spacer" type="spacer" default="" label="" description="" />
        <param name="show_intro" type="radio" default="0" label="LBL_SHOW_INTRO" description="LBL_SHOW_INTRO_DESC">
        	<option value="1">LA_SHOW</option>
					<option value="0">LA_HIDE</option>
        </param>
        <param name="char_count" type="text" default="150" label="LBL_SHOW_INTRO_CHARS" description="LBL_SHOW_INTRO_CHARS_DESC"/>
				<param name="@spacer" type="spacer" default="" label="" description="" />
        <param name="show_avtar" type="radio" default="0" label="LBL_SHOW_AVTAR" description="LBL_SHOW_AVTAR_DESC">
        	<option value="1">LA_SHOW</option>
					<option value="0">LA_HIDE</option>
        </param>
        <param name="show_section" type="radio" default="0" label="LBL_SHOW_SECTION" description="LBL_SHOW_SECTION_DESC">
        	<option value="1">LA_SHOW</option>
					<option value="0">LA_HIDE</option>
        </param>
        <param name="show_category" type="radio" default="0" label="LBL_SHOW_CATEGORY" description="LBL_SHOW_CATEGORY_DESC">
        	<option value="1">LA_SHOW</option>
					<option value="0">LA_HIDE</option>
        </param>
        <param name="show_hits" type="radio" default="0" label="LBL_SHOW_HITS" description="LBL_SHOW_HITS_DESC">
        	<option value="1">LA_SHOW</option>
					<option value="0">LA_HIDE</option>
        </param>
    </params>
		<params group="advanced" addpath="/plugins/content/asuggestions/elements">
				<param name="incl_excl" type="list" default="0" label="LA_INCLUSION_EXCLUSION" description="LA_INCLUSION_EXCLUSION_DESC">
					<option value="1">LA_INCLUSION</option>
					<option value="0">LA_EXCLUSION</option>
				</param>
        <param name="sec_cat_ids" type="lacategories" label="LA_SEC_CATS" description="LA_SEC_CATS_DESC" />
		</params>
</install>