<?xml version="1.0" encoding="utf-8"?>
<install type="acesef_ext" version="1.5.0">
	<name>User</name>
	<author>JoomAce LLC</author>
	<creationDate>January 2010</creationDate>
	<copyright>(C) 2009-2010 JoomAce LLC</copyright>
	<license>GNU AGPL</license>
	<authorEmail>info@joomace.net</authorEmail>
	<authorUrl>www.joomace.net</authorUrl>
	<version>1.3.2</version>
	<description>User extension for AceSEF.</description>
	<extension>com_user</extension>
	<files>
		<filename acesef_ext="com_user">com_user.php</filename>
		<filename acesef_ext="com_user">com_user.xml</filename>
	</files>
	<params group="sef">
		<param name="numeral_duplicated" type="list" default="global" label="Numeral duplicated URLs" description="If set to YES, a numeral suffix will be added to duplicated SEF URLs.">
 			<option value="global">Use Global</option>
 			<option value="yes">Yes</option>
 			<option value="no">No</option>
 		</param>
		<param name="record_duplicated" type="list" default="global" label="Record duplicated URLs" description="If set to Yes, all non-SEF URLs that yield the same SEF URL will be recorded. This will allow you to choose which one you prefer, assigning it as Used.">
 			<option value="global">Use Global</option>
 			<option value="yes">Yes</option>
 			<option value="no">No</option>
 		</param>
		<param name="limit_num" type="text" default="" label="Items per page" description="Ignore this field if you're not having problems with pagination because it's required only if the component doesn't use the $limit value in Real URLs." />
		<param name="override" type="radio" default="1" label="Override ItemID" description="You can override the menu item ID for all menu items of this component.">
			<option value="1">No</option>
			<option value="2">Yes</option>
		</param>
		<param name="override_id" type="text" default="" label="Menu ItemID" description="Menu item ID to use always for this component." />
		<param name="non_sef_vars" type="textarea" cols="30" rows="3" default="layout, activate" label="non-SEF variables" description="Here you can specify custom non-SEF variables separated by comma and space like: catid, view=article" />
		<param name="disable_sef_vars" type="textarea" cols="30" rows="3" default="activation, return" label="disable-SEF variables" description="Here you can specify custom disable-SEF variables separated by comma and space like: catid, view=article" />
	</params>
</install>