<?xml version="1.0" encoding="utf-8"?>
<install type="module" version="1.5.0">
    <name>Meu Google Page Rank</name>
    <creationDate>5 Janeiro 2009</creationDate>
    <author>Rony Sandra Yofa Zebua</author>
    <copyright>http://www.gnu.org/copyleft/gpl.html GNU/GPL</copyright>
    <authorEmail>camp26team@gmail.com</authorEmail>
    <authorUrl>www.camp26.biz</authorUrl>
    <version>1.2</version>
    <description>MODULO : GPAGERANK</description>
     <files>
		<filename module="mod_camp26_gpagerank">mod_camp26_gpagerank.php</filename>
		<filename>index.html</filename>
		<filename>helper.php</filename>
		<filename>tmpl/default.php</filename>
		<filename>tmpl/index.html</filename>
	</files>
	<languages>
		<language tag="pt-BR">language/pt-BR/pt-BR.mod_camp26_gpagerank.ini</language>
	</languages>
	<params>
		<param name="moduleclass_sfx" type="text" default="" label="Sufixo de classe do modulo" description="Um sufixo a ser aplicado a classe CSS do modulo (table.moduletable), este modulo permite um estilo individual" />
		<param name="@spacer" type="spacer" default="" label="Configuracoes do seu Google Page Rank" description="" />
		<param name="domain" type="text" default="joomla.org" label="Nome do seu dominio" description="Coloque o nome de dominio aqui." />
		<param name="align" type="list" default="2" label="Alinhamento" description="Escolha a posicao de Alinhamento do PR">
			<option value="0">Default</option>
			<option value="1">Left</option>
			<option value="2">Center</option>
			<option value="3">Right</option>
		</param>
		<param name="borderset" type="text" default="0" label="Borda" description="Escolha o tamanho da borda do PR." />
		<param name="altset" type="text" default="Meu Google Page Rank" label="Titulo" description="Coloque um titulo para link do seu PR." />
		<param name="prtype" type="list" default="0" label="Selecione um estilo de PR." description="Por favor, selecione o pagerank que voce precisa.">
			<option value="0">Default</option>
			<option value="1">Google Pagerank</option>
			<option value="2">PR Lookup</option>
			<option value="3">My page Rank - Style 1</option>
			<option value="4">My page Rank - Style 2</option>
			<option value="5">My page Rank - Style 3</option>
			<option value="6">My page Rank - Style 4</option>
			<option value="7">My page Rank - Style 5</option>
			<option value="8">My page Rank - Style 6</option>
			<option value="9">My page Rank - Style 7</option>
			<option value="10">My page Rank - Style 8</option>
			<option value="11">My page Rank - Google Indicator</option>
			<option value="12">PR Checker - Style 1</option>
			<option value="13">PR Checker - Style 2</option>
			<option value="14">PR Checker - Style 3</option>
			<option value="15">Blogflux</option>
			<option value="16">Whats My Page Rank</option>
			<option value="17">Singer Design - Apple</option>
			<option value="18">Singer Design - Gulp</option>
			<option value="19">Singer Design - Purple</option>
			<option value="20">Singer Design - Pink</option>
			<option value="21">Singer Design - Large</option>
			<option value="22">Singer Design - Medium</option>
			<option value="23">Singer Design - Small</option>
			<option value="24">URL Trends</option>
			<option value="25">The Google Pagerank - Type 1</option>
			<option value="26">The Google Pagerank - Type 2</option>
			<option value="27">Page Rank Bar</option>
		</param>
		<param name="createdby" type="radio" default="1" label="Produzido por" description="Ativar ou desativar Criado por Camp26">
			<option value="0">On</option>
			<option value="1">Off</option>
		</param>
	</params>
	<params group="advanced">
		<param name="cache" type="list" default="1" label="Caching" description="Selecione se deseje cache de conteudo para este modulo">
			<option value="1">Use global</option>
			<option value="0">No caching</option>
		</param>
		<param name="cache_time" type="text" default="900" label="Tempo de Cache" description="Periodo de tempo para o cache do modulo ser atualizado" />
	</params>
</install>
