<?xml version="1.0" encoding="utf-8"?>
<install version="1.5" type="plugin" group="editors-xtd">
    <name>Add Custom HTML button</name>
    <author>Andreas Loukakis (alou)</author>
    <creationDate>July 2010</creationDate>
    <copyright>(C) 2010 Andreas Loukakis. All rights reserved.</copyright>
    <license>GNU/GPL</license>
    <authorEmail>alou@alou.gr</authorEmail>
    <version>1.0.0</version>
    <description>A button to add some custom HTML in the editor.<br />Note: the custom HTML is added through the php file included in the plugin. To do: add an input field for the html in plugin parameters. </description>
    <files>
        <filename plugin="chtmlBtn">chtmlBtn.php</filename>
		    <filename>chtmlBtn.gif</filename>
    </files>
	<params>
	<param name="HTMLcode" type="textarea" rows="10" cols="40" default="some custome HTML here" label="Insert your custom HTML here" description="Paste your HTML code in this box. Dont forget to enable the plugin, water the flowers and feed the dog." />
	  </params>
</install>
